Registo,Valor,Estado
0,0,RESPONDENDO
1,0,RESPONDENDO
2,0,RESPONDENDO
3,0,RESPONDENDO
4,0,RESPONDENDO
5,0,RESPONDENDO
6,0,RESPONDENDO
7,0,RESPONDENDO
8,0,RESPONDENDO
9,0,RESPONDENDO
10,0,RESPONDENDO
11,0,RESPONDENDO
12,0,RESPONDENDO
13,0,RESPONDENDO
14,0,RESPONDENDO
15,0,RESPONDENDO
16,0,RESPONDENDO
17,16,RESPONDENDO
18,0,RESPONDENDO
19,0,RESPONDENDO
20,0,RESPONDENDO
21,0,RESPONDENDO
22,0,RESPONDENDO
23,0,RESPONDENDO
24,0,RESPONDENDO
25,0,RESPONDENDO
26,0,RESPONDENDO
27,32,RESPONDENDO
28,32,RESPONDENDO
29,32,RESPONDENDO
30,32,RESPONDENDO
31,0,RESPONDENDO
32,0,RESPONDENDO
33,0,RESPONDENDO
34,0,RESPONDENDO
35,0,RESPONDENDO
36,0,RESPONDENDO
37,0,RESPONDENDO
38,0,RESPONDENDO
39,0,RESPONDENDO
40,0,RESPONDENDO
41,0,RESPONDENDO
42,0,RESPONDENDO
43,0,RESPONDENDO
44,0,RESPONDENDO
45,0,RESPONDENDO
46,0,RESPONDENDO
47,65535,RESPONDENDO
48,2313,RESPONDENDO
49,32767,RESPONDENDO
50,126,RESPONDENDO
51,65084,RESPONDENDO
52,1,RESPONDENDO
53,32768,INATIVO/DESCONFIGURADO (0x8000)
54,24,RESPONDENDO
55,574,RESPONDENDO
56,32768,INATIVO/DESCONFIGURADO (0x8000)
57,32768,INATIVO/DESCONFIGURADO (0x8000)
58,32768,INATIVO/DESCONFIGURADO (0x8000)
59,32768,INATIVO/DESCONFIGURADO (0x8000)
60,0,RESPONDENDO
61,73,RESPONDENDO
62,0,RESPONDENDO
63,0,RESPONDENDO
64,0,RESPONDENDO
65,1,RESPONDENDO
66,0,RESPONDENDO
67,2,RESPONDENDO
68,0,RESPONDENDO
69,0,RESPONDENDO
70,34,RESPONDENDO
71,38,RESPONDENDO
72,45,RESPONDENDO
73,0,RESPONDENDO
74,54,RESPONDENDO
75,13,RESPONDENDO
76,36,RESPONDENDO
77,9,RESPONDENDO
78,2,RESPONDENDO
79,2,RESPONDENDO
80,0,RESPONDENDO
81,25,RESPONDENDO
82,75,RESPONDENDO
83,440,RESPONDENDO
84,320,RESPONDENDO
85,254,RESPONDENDO
86,184,RESPONDENDO
87,0,RESPONDENDO
88,120,RESPONDENDO
89,1030,RESPONDENDO
90,0,RESPONDENDO
91,0,RESPONDENDO
92,0,RESPONDENDO
93,0,RESPONDENDO
94,0,RESPONDENDO
95,0,RESPONDENDO
96,0,RESPONDENDO
97,0,RESPONDENDO
98,0,RESPONDENDO
99,0,RESPONDENDO
100,0,RESPONDENDO
101,0,RESPONDENDO
102,0,RESPONDENDO
103,0,RESPONDENDO
104,0,RESPONDENDO
105,0,RESPONDENDO
106,0,RESPONDENDO
107,0,RESPONDENDO
108,0,RESPONDENDO
109,0,RESPONDENDO
110,0,RESPONDENDO
111,0,RESPONDENDO
112,0,RESPONDENDO
113,53287,RESPONDENDO
114,N/A,TIMEOUT/NÃO_DISPONÍVEL
115,0,RESPONDENDO
116,0,RESPONDENDO
117,N/A,TIMEOUT/NÃO_DISPONÍVEL
118,0,RESPONDENDO
119,0,RESPONDENDO
120,0,RESPONDENDO
121,0,RESPONDENDO
122,0,RESPONDENDO
123,0,RESPONDENDO
124,0,RESPONDENDO
125,0,RESPONDENDO
126,N/A,TIMEOUT/NÃO_DISPONÍVEL
127,0,RESPONDENDO
128,0,RESPONDENDO
129,0,RESPONDENDO
130,0,RESPONDENDO
131,0,RESPONDENDO
132,0,RESPONDENDO
133,0,RESPONDENDO
134,0,RESPONDENDO
135,0,RESPONDENDO
136,0,RESPONDENDO
137,0,RESPONDENDO
138,0,RESPONDENDO
139,N/A,TIMEOUT/NÃO_DISPONÍVEL
140,0,RESPONDENDO
141,0,RESPONDENDO
142,0,RESPONDENDO
143,N/A,TIMEOUT/NÃO_DISPONÍVEL
144,N/A,TIMEOUT/NÃO_DISPONÍVEL
145,N/A,TIMEOUT/NÃO_DISPONÍVEL
146,N/A,TIMEOUT/NÃO_DISPONÍVEL
147,N/A,TIMEOUT/NÃO_DISPONÍVEL
148,N/A,TIMEOUT/NÃO_DISPONÍVEL
149,N/A,TIMEOUT/NÃO_DISPONÍVEL
150,65535,RESPONDENDO
151,255,RESPONDENDO
152,14148,RESPONDENDO
153,N/A,TIMEOUT/NÃO_DISPONÍVEL
154,N/A,TIMEOUT/NÃO_DISPONÍVEL
155,N/A,TIMEOUT/NÃO_DISPONÍVEL
156,N/A,TIMEOUT/NÃO_DISPONÍVEL
157,N/A,TIMEOUT/NÃO_DISPONÍVEL
158,N/A,TIMEOUT/NÃO_DISPONÍVEL
159,N/A,TIMEOUT/NÃO_DISPONÍVEL
160,N/A,TIMEOUT/NÃO_DISPONÍVEL
161,N/A,TIMEOUT/NÃO_DISPONÍVEL
162,N/A,TIMEOUT/NÃO_DISPONÍVEL
163,N/A,TIMEOUT/NÃO_DISPONÍVEL
164,N/A,TIMEOUT/NÃO_DISPONÍVEL
165,N/A,TIMEOUT/NÃO_DISPONÍVEL
166,N/A,TIMEOUT/NÃO_DISPONÍVEL
167,N/A,TIMEOUT/NÃO_DISPONÍVEL
168,11565,RESPONDENDO
169,N/A,TIMEOUT/NÃO_DISPONÍVEL
170,N/A,TIMEOUT/NÃO_DISPONÍVEL
171,N/A,TIMEOUT/NÃO_DISPONÍVEL
172,N/A,TIMEOUT/NÃO_DISPONÍVEL
173,N/A,TIMEOUT/NÃO_DISPONÍVEL
174,N/A,TIMEOUT/NÃO_DISPONÍVEL
175,N/A,TIMEOUT/NÃO_DISPONÍVEL
176,0,RESPONDENDO
177,5,RESPONDENDO
178,0,RESPONDENDO
179,0,RESPONDENDO
180,0,RESPONDENDO
181,0,RESPONDENDO
182,0,RESPONDENDO
183,0,RESPONDENDO
184,0,RESPONDENDO
185,N/A,TIMEOUT/NÃO_DISPONÍVEL
186,32768,INATIVO/DESCONFIGURADO (0x8000)
187,32768,INATIVO/DESCONFIGURADO (0x8000)
188,32768,INATIVO/DESCONFIGURADO (0x8000)
189,32768,INATIVO/DESCONFIGURADO (0x8000)
190,32768,INATIVO/DESCONFIGURADO (0x8000)
191,32768,INATIVO/DESCONFIGURADO (0x8000)
192,32768,INATIVO/DESCONFIGURADO (0x8000)
193,32768,INATIVO/DESCONFIGURADO (0x8000)
194,32768,INATIVO/DESCONFIGURADO (0x8000)
195,32768,INATIVO/DESCONFIGURADO (0x8000)
196,32768,INATIVO/DESCONFIGURADO (0x8000)
197,32768,INATIVO/DESCONFIGURADO (0x8000)
198,32768,INATIVO/DESCONFIGURADO (0x8000)
199,32768,INATIVO/DESCONFIGURADO (0x8000)
200,32768,INATIVO/DESCONFIGURADO (0x8000)
201,32768,INATIVO/DESCONFIGURADO (0x8000)
202,32768,INATIVO/DESCONFIGURADO (0x8000)
203,N/A,TIMEOUT/NÃO_DISPONÍVEL
204,32768,INATIVO/DESCONFIGURADO (0x8000)
205,N/A,TIMEOUT/NÃO_DISPONÍVEL
206,900,RESPONDENDO
207,500,RESPONDENDO
208,65535,RESPONDENDO
209,0,RESPONDENDO
210,0,RESPONDENDO
211,100,RESPONDENDO
212,100,RESPONDENDO
213,100,RESPONDENDO
214,100,RESPONDENDO
215,32768,INATIVO/DESCONFIGURADO (0x8000)
216,32768,INATIVO/DESCONFIGURADO (0x8000)
217,32768,INATIVO/DESCONFIGURADO (0x8000)
218,32768,INATIVO/DESCONFIGURADO (0x8000)
219,32768,INATIVO/DESCONFIGURADO (0x8000)
220,254,RESPONDENDO
221,N/A,TIMEOUT/NÃO_DISPONÍVEL
222,0,RESPONDENDO
223,N/A,TIMEOUT/NÃO_DISPONÍVEL
224,0,RESPONDENDO
225,0,RESPONDENDO
226,0,RESPONDENDO
227,0,RESPONDENDO
228,0,RESPONDENDO
229,0,RESPONDENDO
230,32768,INATIVO/DESCONFIGURADO (0x8000)
231,32768,INATIVO/DESCONFIGURADO (0x8000)
232,32768,INATIVO/DESCONFIGURADO (0x8000)
233,32768,INATIVO/DESCONFIGURADO (0x8000)
234,32768,INATIVO/DESCONFIGURADO (0x8000)
235,32768,INATIVO/DESCONFIGURADO (0x8000)
236,0,RESPONDENDO
237,N/A,TIMEOUT/NÃO_DISPONÍVEL
238,0,RESPONDENDO
239,N/A,TIMEOUT/NÃO_DISPONÍVEL
240,N/A,TIMEOUT/NÃO_DISPONÍVEL
241,N/A,TIMEOUT/NÃO_DISPONÍVEL
242,N/A,TIMEOUT/NÃO_DISPONÍVEL
243,N/A,TIMEOUT/NÃO_DISPONÍVEL
244,N/A,TIMEOUT/NÃO_DISPONÍVEL
245,N/A,TIMEOUT/NÃO_DISPONÍVEL
246,N/A,TIMEOUT/NÃO_DISPONÍVEL
247,N/A,TIMEOUT/NÃO_DISPONÍVEL
248,N/A,TIMEOUT/NÃO_DISPONÍVEL
249,N/A,TIMEOUT/NÃO_DISPONÍVEL
250,N/A,TIMEOUT/NÃO_DISPONÍVEL
251,N/A,TIMEOUT/NÃO_DISPONÍVEL
252,N/A,TIMEOUT/NÃO_DISPONÍVEL
253,N/A,TIMEOUT/NÃO_DISPONÍVEL
254,N/A,TIMEOUT/NÃO_DISPONÍVEL
255,N/A,TIMEOUT/NÃO_DISPONÍVEL
256,N/A,TIMEOUT/NÃO_DISPONÍVEL
257,N/A,TIMEOUT/NÃO_DISPONÍVEL
258,N/A,TIMEOUT/NÃO_DISPONÍVEL
259,N/A,TIMEOUT/NÃO_DISPONÍVEL
260,N/A,TIMEOUT/NÃO_DISPONÍVEL
261,N/A,TIMEOUT/NÃO_DISPONÍVEL
262,N/A,TIMEOUT/NÃO_DISPONÍVEL
263,N/A,TIMEOUT/NÃO_DISPONÍVEL
264,N/A,TIMEOUT/NÃO_DISPONÍVEL
265,N/A,TIMEOUT/NÃO_DISPONÍVEL
266,N/A,TIMEOUT/NÃO_DISPONÍVEL
267,N/A,TIMEOUT/NÃO_DISPONÍVEL
268,N/A,TIMEOUT/NÃO_DISPONÍVEL
269,N/A,TIMEOUT/NÃO_DISPONÍVEL
270,N/A,TIMEOUT/NÃO_DISPONÍVEL
271,N/A,TIMEOUT/NÃO_DISPONÍVEL
272,N/A,TIMEOUT/NÃO_DISPONÍVEL
273,N/A,TIMEOUT/NÃO_DISPONÍVEL
274,N/A,TIMEOUT/NÃO_DISPONÍVEL
275,N/A,TIMEOUT/NÃO_DISPONÍVEL
276,N/A,TIMEOUT/NÃO_DISPONÍVEL
277,N/A,TIMEOUT/NÃO_DISPONÍVEL
278,N/A,TIMEOUT/NÃO_DISPONÍVEL
279,N/A,TIMEOUT/NÃO_DISPONÍVEL
280,N/A,TIMEOUT/NÃO_DISPONÍVEL
281,N/A,TIMEOUT/NÃO_DISPONÍVEL
282,N/A,TIMEOUT/NÃO_DISPONÍVEL
283,N/A,TIMEOUT/NÃO_DISPONÍVEL
284,N/A,TIMEOUT/NÃO_DISPONÍVEL
285,N/A,TIMEOUT/NÃO_DISPONÍVEL
286,N/A,TIMEOUT/NÃO_DISPONÍVEL
287,N/A,TIMEOUT/NÃO_DISPONÍVEL
288,N/A,TIMEOUT/NÃO_DISPONÍVEL
289,N/A,TIMEOUT/NÃO_DISPONÍVEL
290,N/A,TIMEOUT/NÃO_DISPONÍVEL
291,N/A,TIMEOUT/NÃO_DISPONÍVEL
292,N/A,TIMEOUT/NÃO_DISPONÍVEL
293,N/A,TIMEOUT/NÃO_DISPONÍVEL
294,N/A,TIMEOUT/NÃO_DISPONÍVEL
295,N/A,TIMEOUT/NÃO_DISPONÍVEL
296,N/A,TIMEOUT/NÃO_DISPONÍVEL
297,N/A,TIMEOUT/NÃO_DISPONÍVEL
298,N/A,TIMEOUT/NÃO_DISPONÍVEL
299,N/A,TIMEOUT/NÃO_DISPONÍVEL
300,N/A,TIMEOUT/NÃO_DISPONÍVEL
301,N/A,TIMEOUT/NÃO_DISPONÍVEL
302,N/A,TIMEOUT/NÃO_DISPONÍVEL
303,N/A,TIMEOUT/NÃO_DISPONÍVEL
304,N/A,TIMEOUT/NÃO_DISPONÍVEL
305,N/A,TIMEOUT/NÃO_DISPONÍVEL
306,N/A,TIMEOUT/NÃO_DISPONÍVEL
307,N/A,TIMEOUT/NÃO_DISPONÍVEL
308,N/A,TIMEOUT/NÃO_DISPONÍVEL
309,N/A,TIMEOUT/NÃO_DISPONÍVEL
310,N/A,TIMEOUT/NÃO_DISPONÍVEL
311,N/A,TIMEOUT/NÃO_DISPONÍVEL
312,N/A,TIMEOUT/NÃO_DISPONÍVEL
313,N/A,TIMEOUT/NÃO_DISPONÍVEL
314,N/A,TIMEOUT/NÃO_DISPONÍVEL
315,N/A,TIMEOUT/NÃO_DISPONÍVEL
316,N/A,TIMEOUT/NÃO_DISPONÍVEL
317,N/A,TIMEOUT/NÃO_DISPONÍVEL
318,N/A,TIMEOUT/NÃO_DISPONÍVEL
319,N/A,TIMEOUT/NÃO_DISPONÍVEL
320,N/A,TIMEOUT/NÃO_DISPONÍVEL
321,N/A,TIMEOUT/NÃO_DISPONÍVEL
322,N/A,TIMEOUT/NÃO_DISPONÍVEL
323,N/A,TIMEOUT/NÃO_DISPONÍVEL
324,N/A,TIMEOUT/NÃO_DISPONÍVEL
325,N/A,TIMEOUT/NÃO_DISPONÍVEL
326,N/A,TIMEOUT/NÃO_DISPONÍVEL
327,N/A,TIMEOUT/NÃO_DISPONÍVEL
328,N/A,TIMEOUT/NÃO_DISPONÍVEL
329,N/A,TIMEOUT/NÃO_DISPONÍVEL
330,N/A,TIMEOUT/NÃO_DISPONÍVEL
331,N/A,TIMEOUT/NÃO_DISPONÍVEL
332,N/A,TIMEOUT/NÃO_DISPONÍVEL
333,N/A,TIMEOUT/NÃO_DISPONÍVEL
334,N/A,TIMEOUT/NÃO_DISPONÍVEL
335,N/A,TIMEOUT/NÃO_DISPONÍVEL
336,N/A,TIMEOUT/NÃO_DISPONÍVEL
337,N/A,TIMEOUT/NÃO_DISPONÍVEL
338,N/A,TIMEOUT/NÃO_DISPONÍVEL
339,N/A,TIMEOUT/NÃO_DISPONÍVEL
340,N/A,TIMEOUT/NÃO_DISPONÍVEL
341,N/A,TIMEOUT/NÃO_DISPONÍVEL
342,N/A,TIMEOUT/NÃO_DISPONÍVEL
343,N/A,TIMEOUT/NÃO_DISPONÍVEL
344,N/A,TIMEOUT/NÃO_DISPONÍVEL
345,N/A,TIMEOUT/NÃO_DISPONÍVEL
346,N/A,TIMEOUT/NÃO_DISPONÍVEL
347,N/A,TIMEOUT/NÃO_DISPONÍVEL
348,N/A,TIMEOUT/NÃO_DISPONÍVEL
349,N/A,TIMEOUT/NÃO_DISPONÍVEL
350,N/A,TIMEOUT/NÃO_DISPONÍVEL
351,N/A,TIMEOUT/NÃO_DISPONÍVEL
352,N/A,TIMEOUT/NÃO_DISPONÍVEL
353,N/A,TIMEOUT/NÃO_DISPONÍVEL
354,N/A,TIMEOUT/NÃO_DISPONÍVEL
355,N/A,TIMEOUT/NÃO_DISPONÍVEL
356,N/A,TIMEOUT/NÃO_DISPONÍVEL
357,N/A,TIMEOUT/NÃO_DISPONÍVEL
358,N/A,TIMEOUT/NÃO_DISPONÍVEL
359,N/A,TIMEOUT/NÃO_DISPONÍVEL
360,N/A,TIMEOUT/NÃO_DISPONÍVEL
361,N/A,TIMEOUT/NÃO_DISPONÍVEL
362,N/A,TIMEOUT/NÃO_DISPONÍVEL
363,N/A,TIMEOUT/NÃO_DISPONÍVEL
364,N/A,TIMEOUT/NÃO_DISPONÍVEL
365,N/A,TIMEOUT/NÃO_DISPONÍVEL
366,N/A,TIMEOUT/NÃO_DISPONÍVEL
367,N/A,TIMEOUT/NÃO_DISPONÍVEL
368,N/A,TIMEOUT/NÃO_DISPONÍVEL
369,N/A,TIMEOUT/NÃO_DISPONÍVEL
370,N/A,TIMEOUT/NÃO_DISPONÍVEL
371,N/A,TIMEOUT/NÃO_DISPONÍVEL
372,N/A,TIMEOUT/NÃO_DISPONÍVEL
373,N/A,TIMEOUT/NÃO_DISPONÍVEL
374,N/A,TIMEOUT/NÃO_DISPONÍVEL
375,N/A,TIMEOUT/NÃO_DISPONÍVEL
376,N/A,TIMEOUT/NÃO_DISPONÍVEL
377,N/A,TIMEOUT/NÃO_DISPONÍVEL
378,N/A,TIMEOUT/NÃO_DISPONÍVEL
379,N/A,TIMEOUT/NÃO_DISPONÍVEL
380,N/A,TIMEOUT/NÃO_DISPONÍVEL
381,N/A,TIMEOUT/NÃO_DISPONÍVEL
382,N/A,TIMEOUT/NÃO_DISPONÍVEL
383,N/A,TIMEOUT/NÃO_DISPONÍVEL
384,N/A,TIMEOUT/NÃO_DISPONÍVEL
385,N/A,TIMEOUT/NÃO_DISPONÍVEL
386,N/A,TIMEOUT/NÃO_DISPONÍVEL
387,N/A,TIMEOUT/NÃO_DISPONÍVEL
388,N/A,TIMEOUT/NÃO_DISPONÍVEL
389,N/A,TIMEOUT/NÃO_DISPONÍVEL
390,N/A,TIMEOUT/NÃO_DISPONÍVEL
391,N/A,TIMEOUT/NÃO_DISPONÍVEL
392,N/A,TIMEOUT/NÃO_DISPONÍVEL
393,N/A,TIMEOUT/NÃO_DISPONÍVEL
394,N/A,TIMEOUT/NÃO_DISPONÍVEL
395,N/A,TIMEOUT/NÃO_DISPONÍVEL
396,N/A,TIMEOUT/NÃO_DISPONÍVEL
397,N/A,TIMEOUT/NÃO_DISPONÍVEL
398,N/A,TIMEOUT/NÃO_DISPONÍVEL
399,N/A,TIMEOUT/NÃO_DISPONÍVEL
400,N/A,TIMEOUT/NÃO_DISPONÍVEL
401,N/A,TIMEOUT/NÃO_DISPONÍVEL
402,N/A,TIMEOUT/NÃO_DISPONÍVEL
403,N/A,TIMEOUT/NÃO_DISPONÍVEL
404,N/A,TIMEOUT/NÃO_DISPONÍVEL
405,N/A,TIMEOUT/NÃO_DISPONÍVEL
406,N/A,TIMEOUT/NÃO_DISPONÍVEL
407,N/A,TIMEOUT/NÃO_DISPONÍVEL
408,N/A,TIMEOUT/NÃO_DISPONÍVEL
409,N/A,TIMEOUT/NÃO_DISPONÍVEL
410,N/A,TIMEOUT/NÃO_DISPONÍVEL
411,N/A,TIMEOUT/NÃO_DISPONÍVEL
412,N/A,TIMEOUT/NÃO_DISPONÍVEL
413,N/A,TIMEOUT/NÃO_DISPONÍVEL
414,N/A,TIMEOUT/NÃO_DISPONÍVEL
415,N/A,TIMEOUT/NÃO_DISPONÍVEL
416,N/A,TIMEOUT/NÃO_DISPONÍVEL
417,N/A,TIMEOUT/NÃO_DISPONÍVEL
418,N/A,TIMEOUT/NÃO_DISPONÍVEL
419,N/A,TIMEOUT/NÃO_DISPONÍVEL
420,N/A,TIMEOUT/NÃO_DISPONÍVEL
421,N/A,TIMEOUT/NÃO_DISPONÍVEL
422,N/A,TIMEOUT/NÃO_DISPONÍVEL
423,N/A,TIMEOUT/NÃO_DISPONÍVEL
424,N/A,TIMEOUT/NÃO_DISPONÍVEL
425,N/A,TIMEOUT/NÃO_DISPONÍVEL
426,N/A,TIMEOUT/NÃO_DISPONÍVEL
427,N/A,TIMEOUT/NÃO_DISPONÍVEL
428,N/A,TIMEOUT/NÃO_DISPONÍVEL
429,N/A,TIMEOUT/NÃO_DISPONÍVEL
430,N/A,TIMEOUT/NÃO_DISPONÍVEL
431,N/A,TIMEOUT/NÃO_DISPONÍVEL
432,N/A,TIMEOUT/NÃO_DISPONÍVEL
433,N/A,TIMEOUT/NÃO_DISPONÍVEL
434,N/A,TIMEOUT/NÃO_DISPONÍVEL
435,N/A,TIMEOUT/NÃO_DISPONÍVEL
436,N/A,TIMEOUT/NÃO_DISPONÍVEL
437,N/A,TIMEOUT/NÃO_DISPONÍVEL
438,N/A,TIMEOUT/NÃO_DISPONÍVEL
439,N/A,TIMEOUT/NÃO_DISPONÍVEL
440,N/A,TIMEOUT/NÃO_DISPONÍVEL
441,N/A,TIMEOUT/NÃO_DISPONÍVEL
442,N/A,TIMEOUT/NÃO_DISPONÍVEL
443,N/A,TIMEOUT/NÃO_DISPONÍVEL
444,N/A,TIMEOUT/NÃO_DISPONÍVEL
445,N/A,TIMEOUT/NÃO_DISPONÍVEL
446,N/A,TIMEOUT/NÃO_DISPONÍVEL
447,N/A,TIMEOUT/NÃO_DISPONÍVEL
448,N/A,TIMEOUT/NÃO_DISPONÍVEL
449,N/A,TIMEOUT/NÃO_DISPONÍVEL
450,N/A,TIMEOUT/NÃO_DISPONÍVEL
451,N/A,TIMEOUT/NÃO_DISPONÍVEL
452,N/A,TIMEOUT/NÃO_DISPONÍVEL
453,N/A,TIMEOUT/NÃO_DISPONÍVEL
454,N/A,TIMEOUT/NÃO_DISPONÍVEL
455,N/A,TIMEOUT/NÃO_DISPONÍVEL
456,N/A,TIMEOUT/NÃO_DISPONÍVEL
457,N/A,TIMEOUT/NÃO_DISPONÍVEL
458,N/A,TIMEOUT/NÃO_DISPONÍVEL
459,N/A,TIMEOUT/NÃO_DISPONÍVEL
460,N/A,TIMEOUT/NÃO_DISPONÍVEL
461,N/A,TIMEOUT/NÃO_DISPONÍVEL
462,N/A,TIMEOUT/NÃO_DISPONÍVEL
463,N/A,TIMEOUT/NÃO_DISPONÍVEL
464,N/A,TIMEOUT/NÃO_DISPONÍVEL
465,N/A,TIMEOUT/NÃO_DISPONÍVEL
466,N/A,TIMEOUT/NÃO_DISPONÍVEL
467,N/A,TIMEOUT/NÃO_DISPONÍVEL
468,N/A,TIMEOUT/NÃO_DISPONÍVEL
469,N/A,TIMEOUT/NÃO_DISPONÍVEL
470,N/A,TIMEOUT/NÃO_DISPONÍVEL
471,N/A,TIMEOUT/NÃO_DISPONÍVEL
472,N/A,TIMEOUT/NÃO_DISPONÍVEL
473,N/A,TIMEOUT/NÃO_DISPONÍVEL
474,N/A,TIMEOUT/NÃO_DISPONÍVEL
475,N/A,TIMEOUT/NÃO_DISPONÍVEL
476,N/A,TIMEOUT/NÃO_DISPONÍVEL
477,N/A,TIMEOUT/NÃO_DISPONÍVEL
478,N/A,TIMEOUT/NÃO_DISPONÍVEL
479,N/A,TIMEOUT/NÃO_DISPONÍVEL
480,N/A,TIMEOUT/NÃO_DISPONÍVEL
481,N/A,TIMEOUT/NÃO_DISPONÍVEL
482,N/A,TIMEOUT/NÃO_DISPONÍVEL
483,N/A,TIMEOUT/NÃO_DISPONÍVEL
484,N/A,TIMEOUT/NÃO_DISPONÍVEL
485,N/A,TIMEOUT/NÃO_DISPONÍVEL
486,N/A,TIMEOUT/NÃO_DISPONÍVEL
487,N/A,TIMEOUT/NÃO_DISPONÍVEL
488,N/A,TIMEOUT/NÃO_DISPONÍVEL
489,N/A,TIMEOUT/NÃO_DISPONÍVEL
490,N/A,TIMEOUT/NÃO_DISPONÍVEL
491,N/A,TIMEOUT/NÃO_DISPONÍVEL
492,N/A,TIMEOUT/NÃO_DISPONÍVEL
493,N/A,TIMEOUT/NÃO_DISPONÍVEL
494,N/A,TIMEOUT/NÃO_DISPONÍVEL
495,N/A,TIMEOUT/NÃO_DISPONÍVEL
496,N/A,TIMEOUT/NÃO_DISPONÍVEL
497,N/A,TIMEOUT/NÃO_DISPONÍVEL
498,N/A,TIMEOUT/NÃO_DISPONÍVEL
499,N/A,TIMEOUT/NÃO_DISPONÍVEL
500,N/A,TIMEOUT/NÃO_DISPONÍVEL
501,N/A,TIMEOUT/NÃO_DISPONÍVEL
502,N/A,TIMEOUT/NÃO_DISPONÍVEL
503,N/A,TIMEOUT/NÃO_DISPONÍVEL
504,N/A,TIMEOUT/NÃO_DISPONÍVEL
505,N/A,TIMEOUT/NÃO_DISPONÍVEL
506,N/A,TIMEOUT/NÃO_DISPONÍVEL
507,N/A,TIMEOUT/NÃO_DISPONÍVEL
508,N/A,TIMEOUT/NÃO_DISPONÍVEL
509,N/A,TIMEOUT/NÃO_DISPONÍVEL
510,N/A,TIMEOUT/NÃO_DISPONÍVEL
511,N/A,TIMEOUT/NÃO_DISPONÍVEL
512,N/A,TIMEOUT/NÃO_DISPONÍVEL
513,N/A,TIMEOUT/NÃO_DISPONÍVEL
514,N/A,TIMEOUT/NÃO_DISPONÍVEL
515,N/A,TIMEOUT/NÃO_DISPONÍVEL
516,N/A,TIMEOUT/NÃO_DISPONÍVEL
517,N/A,TIMEOUT/NÃO_DISPONÍVEL
518,N/A,TIMEOUT/NÃO_DISPONÍVEL
519,N/A,TIMEOUT/NÃO_DISPONÍVEL
520,N/A,TIMEOUT/NÃO_DISPONÍVEL
521,N/A,TIMEOUT/NÃO_DISPONÍVEL
522,N/A,TIMEOUT/NÃO_DISPONÍVEL
523,N/A,TIMEOUT/NÃO_DISPONÍVEL
524,N/A,TIMEOUT/NÃO_DISPONÍVEL
525,N/A,TIMEOUT/NÃO_DISPONÍVEL
526,N/A,TIMEOUT/NÃO_DISPONÍVEL
527,N/A,TIMEOUT/NÃO_DISPONÍVEL
528,N/A,TIMEOUT/NÃO_DISPONÍVEL
529,N/A,TIMEOUT/NÃO_DISPONÍVEL
530,N/A,TIMEOUT/NÃO_DISPONÍVEL
531,N/A,TIMEOUT/NÃO_DISPONÍVEL
532,N/A,TIMEOUT/NÃO_DISPONÍVEL
533,N/A,TIMEOUT/NÃO_DISPONÍVEL
534,N/A,TIMEOUT/NÃO_DISPONÍVEL
535,N/A,TIMEOUT/NÃO_DISPONÍVEL
536,N/A,TIMEOUT/NÃO_DISPONÍVEL
537,N/A,TIMEOUT/NÃO_DISPONÍVEL
538,N/A,TIMEOUT/NÃO_DISPONÍVEL
539,N/A,TIMEOUT/NÃO_DISPONÍVEL
540,N/A,TIMEOUT/NÃO_DISPONÍVEL
541,N/A,TIMEOUT/NÃO_DISPONÍVEL
542,N/A,TIMEOUT/NÃO_DISPONÍVEL
543,N/A,TIMEOUT/NÃO_DISPONÍVEL
544,N/A,TIMEOUT/NÃO_DISPONÍVEL
545,N/A,TIMEOUT/NÃO_DISPONÍVEL
546,N/A,TIMEOUT/NÃO_DISPONÍVEL
547,N/A,TIMEOUT/NÃO_DISPONÍVEL
548,N/A,TIMEOUT/NÃO_DISPONÍVEL
549,N/A,TIMEOUT/NÃO_DISPONÍVEL
550,N/A,TIMEOUT/NÃO_DISPONÍVEL
551,N/A,TIMEOUT/NÃO_DISPONÍVEL
552,N/A,TIMEOUT/NÃO_DISPONÍVEL
553,N/A,TIMEOUT/NÃO_DISPONÍVEL
554,N/A,TIMEOUT/NÃO_DISPONÍVEL
555,N/A,TIMEOUT/NÃO_DISPONÍVEL
556,N/A,TIMEOUT/NÃO_DISPONÍVEL
557,N/A,TIMEOUT/NÃO_DISPONÍVEL
558,N/A,TIMEOUT/NÃO_DISPONÍVEL
559,N/A,TIMEOUT/NÃO_DISPONÍVEL
560,N/A,TIMEOUT/NÃO_DISPONÍVEL
561,N/A,TIMEOUT/NÃO_DISPONÍVEL
562,N/A,TIMEOUT/NÃO_DISPONÍVEL
563,N/A,TIMEOUT/NÃO_DISPONÍVEL
564,N/A,TIMEOUT/NÃO_DISPONÍVEL
565,N/A,TIMEOUT/NÃO_DISPONÍVEL
566,N/A,TIMEOUT/NÃO_DISPONÍVEL
567,N/A,TIMEOUT/NÃO_DISPONÍVEL
568,N/A,TIMEOUT/NÃO_DISPONÍVEL
569,N/A,TIMEOUT/NÃO_DISPONÍVEL
570,N/A,TIMEOUT/NÃO_DISPONÍVEL
571,N/A,TIMEOUT/NÃO_DISPONÍVEL
572,N/A,TIMEOUT/NÃO_DISPONÍVEL
573,N/A,TIMEOUT/NÃO_DISPONÍVEL
574,N/A,TIMEOUT/NÃO_DISPONÍVEL
575,N/A,TIMEOUT/NÃO_DISPONÍVEL
576,N/A,TIMEOUT/NÃO_DISPONÍVEL
577,N/A,TIMEOUT/NÃO_DISPONÍVEL
578,N/A,TIMEOUT/NÃO_DISPONÍVEL
579,N/A,TIMEOUT/NÃO_DISPONÍVEL
580,N/A,TIMEOUT/NÃO_DISPONÍVEL
581,N/A,TIMEOUT/NÃO_DISPONÍVEL
582,N/A,TIMEOUT/NÃO_DISPONÍVEL
583,N/A,TIMEOUT/NÃO_DISPONÍVEL
584,N/A,TIMEOUT/NÃO_DISPONÍVEL
585,N/A,TIMEOUT/NÃO_DISPONÍVEL
586,N/A,TIMEOUT/NÃO_DISPONÍVEL
587,N/A,TIMEOUT/NÃO_DISPONÍVEL
588,N/A,TIMEOUT/NÃO_DISPONÍVEL
589,N/A,TIMEOUT/NÃO_DISPONÍVEL
590,N/A,TIMEOUT/NÃO_DISPONÍVEL
591,N/A,TIMEOUT/NÃO_DISPONÍVEL
592,N/A,TIMEOUT/NÃO_DISPONÍVEL
593,N/A,TIMEOUT/NÃO_DISPONÍVEL
594,N/A,TIMEOUT/NÃO_DISPONÍVEL
595,N/A,TIMEOUT/NÃO_DISPONÍVEL
596,N/A,TIMEOUT/NÃO_DISPONÍVEL
597,N/A,TIMEOUT/NÃO_DISPONÍVEL
598,N/A,TIMEOUT/NÃO_DISPONÍVEL
599,N/A,TIMEOUT/NÃO_DISPONÍVEL
600,N/A,TIMEOUT/NÃO_DISPONÍVEL
601,N/A,TIMEOUT/NÃO_DISPONÍVEL
602,N/A,TIMEOUT/NÃO_DISPONÍVEL
603,N/A,TIMEOUT/NÃO_DISPONÍVEL
604,N/A,TIMEOUT/NÃO_DISPONÍVEL
605,N/A,TIMEOUT/NÃO_DISPONÍVEL
606,N/A,TIMEOUT/NÃO_DISPONÍVEL
607,N/A,TIMEOUT/NÃO_DISPONÍVEL
608,N/A,TIMEOUT/NÃO_DISPONÍVEL
609,N/A,TIMEOUT/NÃO_DISPONÍVEL
610,N/A,TIMEOUT/NÃO_DISPONÍVEL
611,N/A,TIMEOUT/NÃO_DISPONÍVEL
612,N/A,TIMEOUT/NÃO_DISPONÍVEL
613,N/A,TIMEOUT/NÃO_DISPONÍVEL
614,N/A,TIMEOUT/NÃO_DISPONÍVEL
615,N/A,TIMEOUT/NÃO_DISPONÍVEL
616,N/A,TIMEOUT/NÃO_DISPONÍVEL
617,N/A,TIMEOUT/NÃO_DISPONÍVEL
618,N/A,TIMEOUT/NÃO_DISPONÍVEL
619,N/A,TIMEOUT/NÃO_DISPONÍVEL
620,N/A,TIMEOUT/NÃO_DISPONÍVEL
621,N/A,TIMEOUT/NÃO_DISPONÍVEL
622,N/A,TIMEOUT/NÃO_DISPONÍVEL
623,N/A,TIMEOUT/NÃO_DISPONÍVEL
624,N/A,TIMEOUT/NÃO_DISPONÍVEL
625,N/A,TIMEOUT/NÃO_DISPONÍVEL
626,N/A,TIMEOUT/NÃO_DISPONÍVEL
627,N/A,TIMEOUT/NÃO_DISPONÍVEL
628,N/A,TIMEOUT/NÃO_DISPONÍVEL
629,N/A,TIMEOUT/NÃO_DISPONÍVEL
630,N/A,TIMEOUT/NÃO_DISPONÍVEL
631,N/A,TIMEOUT/NÃO_DISPONÍVEL
632,N/A,TIMEOUT/NÃO_DISPONÍVEL
633,N/A,TIMEOUT/NÃO_DISPONÍVEL
634,N/A,TIMEOUT/NÃO_DISPONÍVEL
635,N/A,TIMEOUT/NÃO_DISPONÍVEL
636,N/A,TIMEOUT/NÃO_DISPONÍVEL
637,N/A,TIMEOUT/NÃO_DISPONÍVEL
638,N/A,TIMEOUT/NÃO_DISPONÍVEL
639,N/A,TIMEOUT/NÃO_DISPONÍVEL
640,N/A,TIMEOUT/NÃO_DISPONÍVEL
641,N/A,TIMEOUT/NÃO_DISPONÍVEL
642,N/A,TIMEOUT/NÃO_DISPONÍVEL
643,N/A,TIMEOUT/NÃO_DISPONÍVEL
644,N/A,TIMEOUT/NÃO_DISPONÍVEL
645,N/A,TIMEOUT/NÃO_DISPONÍVEL
646,N/A,TIMEOUT/NÃO_DISPONÍVEL
647,N/A,TIMEOUT/NÃO_DISPONÍVEL
648,N/A,TIMEOUT/NÃO_DISPONÍVEL
649,N/A,TIMEOUT/NÃO_DISPONÍVEL
650,N/A,TIMEOUT/NÃO_DISPONÍVEL
651,N/A,TIMEOUT/NÃO_DISPONÍVEL
652,N/A,TIMEOUT/NÃO_DISPONÍVEL
653,N/A,TIMEOUT/NÃO_DISPONÍVEL
654,N/A,TIMEOUT/NÃO_DISPONÍVEL
655,N/A,TIMEOUT/NÃO_DISPONÍVEL
656,N/A,TIMEOUT/NÃO_DISPONÍVEL
657,N/A,TIMEOUT/NÃO_DISPONÍVEL
658,N/A,TIMEOUT/NÃO_DISPONÍVEL
659,N/A,TIMEOUT/NÃO_DISPONÍVEL
660,N/A,TIMEOUT/NÃO_DISPONÍVEL
661,N/A,TIMEOUT/NÃO_DISPONÍVEL
662,N/A,TIMEOUT/NÃO_DISPONÍVEL
663,N/A,TIMEOUT/NÃO_DISPONÍVEL
664,N/A,TIMEOUT/NÃO_DISPONÍVEL
665,N/A,TIMEOUT/NÃO_DISPONÍVEL
666,N/A,TIMEOUT/NÃO_DISPONÍVEL
667,N/A,TIMEOUT/NÃO_DISPONÍVEL
668,N/A,TIMEOUT/NÃO_DISPONÍVEL
669,N/A,TIMEOUT/NÃO_DISPONÍVEL
670,N/A,TIMEOUT/NÃO_DISPONÍVEL
671,N/A,TIMEOUT/NÃO_DISPONÍVEL
672,N/A,TIMEOUT/NÃO_DISPONÍVEL
673,N/A,TIMEOUT/NÃO_DISPONÍVEL
674,N/A,TIMEOUT/NÃO_DISPONÍVEL
675,N/A,TIMEOUT/NÃO_DISPONÍVEL
676,N/A,TIMEOUT/NÃO_DISPONÍVEL
677,N/A,TIMEOUT/NÃO_DISPONÍVEL
678,N/A,TIMEOUT/NÃO_DISPONÍVEL
679,N/A,TIMEOUT/NÃO_DISPONÍVEL
680,N/A,TIMEOUT/NÃO_DISPONÍVEL
681,N/A,TIMEOUT/NÃO_DISPONÍVEL
682,N/A,TIMEOUT/NÃO_DISPONÍVEL
683,N/A,TIMEOUT/NÃO_DISPONÍVEL
684,N/A,TIMEOUT/NÃO_DISPONÍVEL
685,N/A,TIMEOUT/NÃO_DISPONÍVEL
686,N/A,TIMEOUT/NÃO_DISPONÍVEL
687,N/A,TIMEOUT/NÃO_DISPONÍVEL
688,N/A,TIMEOUT/NÃO_DISPONÍVEL
689,N/A,TIMEOUT/NÃO_DISPONÍVEL
690,N/A,TIMEOUT/NÃO_DISPONÍVEL
691,N/A,TIMEOUT/NÃO_DISPONÍVEL
692,N/A,TIMEOUT/NÃO_DISPONÍVEL
693,N/A,TIMEOUT/NÃO_DISPONÍVEL
694,N/A,TIMEOUT/NÃO_DISPONÍVEL
695,N/A,TIMEOUT/NÃO_DISPONÍVEL
696,N/A,TIMEOUT/NÃO_DISPONÍVEL
697,N/A,TIMEOUT/NÃO_DISPONÍVEL
698,N/A,TIMEOUT/NÃO_DISPONÍVEL
699,N/A,TIMEOUT/NÃO_DISPONÍVEL
700,N/A,TIMEOUT/NÃO_DISPONÍVEL
701,N/A,TIMEOUT/NÃO_DISPONÍVEL
702,N/A,TIMEOUT/NÃO_DISPONÍVEL
703,N/A,TIMEOUT/NÃO_DISPONÍVEL
704,N/A,TIMEOUT/NÃO_DISPONÍVEL
705,N/A,TIMEOUT/NÃO_DISPONÍVEL
706,N/A,TIMEOUT/NÃO_DISPONÍVEL
707,N/A,TIMEOUT/NÃO_DISPONÍVEL
708,N/A,TIMEOUT/NÃO_DISPONÍVEL
709,N/A,TIMEOUT/NÃO_DISPONÍVEL
710,N/A,TIMEOUT/NÃO_DISPONÍVEL
711,N/A,TIMEOUT/NÃO_DISPONÍVEL
712,N/A,TIMEOUT/NÃO_DISPONÍVEL
713,N/A,TIMEOUT/NÃO_DISPONÍVEL
714,N/A,TIMEOUT/NÃO_DISPONÍVEL
715,N/A,TIMEOUT/NÃO_DISPONÍVEL
716,N/A,TIMEOUT/NÃO_DISPONÍVEL
717,N/A,TIMEOUT/NÃO_DISPONÍVEL
718,N/A,TIMEOUT/NÃO_DISPONÍVEL
719,N/A,TIMEOUT/NÃO_DISPONÍVEL
720,N/A,TIMEOUT/NÃO_DISPONÍVEL
721,N/A,TIMEOUT/NÃO_DISPONÍVEL
722,N/A,TIMEOUT/NÃO_DISPONÍVEL
723,N/A,TIMEOUT/NÃO_DISPONÍVEL
724,N/A,TIMEOUT/NÃO_DISPONÍVEL
725,N/A,TIMEOUT/NÃO_DISPONÍVEL
726,N/A,TIMEOUT/NÃO_DISPONÍVEL
727,N/A,TIMEOUT/NÃO_DISPONÍVEL
728,N/A,TIMEOUT/NÃO_DISPONÍVEL
729,N/A,TIMEOUT/NÃO_DISPONÍVEL
730,N/A,TIMEOUT/NÃO_DISPONÍVEL
731,N/A,TIMEOUT/NÃO_DISPONÍVEL
732,N/A,TIMEOUT/NÃO_DISPONÍVEL
733,N/A,TIMEOUT/NÃO_DISPONÍVEL
734,N/A,TIMEOUT/NÃO_DISPONÍVEL
735,N/A,TIMEOUT/NÃO_DISPONÍVEL
736,N/A,TIMEOUT/NÃO_DISPONÍVEL
737,N/A,TIMEOUT/NÃO_DISPONÍVEL
738,N/A,TIMEOUT/NÃO_DISPONÍVEL
739,N/A,TIMEOUT/NÃO_DISPONÍVEL
740,N/A,TIMEOUT/NÃO_DISPONÍVEL
741,N/A,TIMEOUT/NÃO_DISPONÍVEL
742,N/A,TIMEOUT/NÃO_DISPONÍVEL
743,N/A,TIMEOUT/NÃO_DISPONÍVEL
744,N/A,TIMEOUT/NÃO_DISPONÍVEL
745,N/A,TIMEOUT/NÃO_DISPONÍVEL
746,N/A,TIMEOUT/NÃO_DISPONÍVEL
747,N/A,TIMEOUT/NÃO_DISPONÍVEL
748,N/A,TIMEOUT/NÃO_DISPONÍVEL
749,N/A,TIMEOUT/NÃO_DISPONÍVEL
750,N/A,TIMEOUT/NÃO_DISPONÍVEL
751,N/A,TIMEOUT/NÃO_DISPONÍVEL
752,N/A,TIMEOUT/NÃO_DISPONÍVEL
753,N/A,TIMEOUT/NÃO_DISPONÍVEL
754,N/A,TIMEOUT/NÃO_DISPONÍVEL
755,N/A,TIMEOUT/NÃO_DISPONÍVEL
756,N/A,TIMEOUT/NÃO_DISPONÍVEL
757,N/A,TIMEOUT/NÃO_DISPONÍVEL
758,N/A,TIMEOUT/NÃO_DISPONÍVEL
759,N/A,TIMEOUT/NÃO_DISPONÍVEL
760,N/A,TIMEOUT/NÃO_DISPONÍVEL
761,N/A,TIMEOUT/NÃO_DISPONÍVEL
762,N/A,TIMEOUT/NÃO_DISPONÍVEL
763,N/A,TIMEOUT/NÃO_DISPONÍVEL
764,N/A,TIMEOUT/NÃO_DISPONÍVEL
765,N/A,TIMEOUT/NÃO_DISPONÍVEL
766,N/A,TIMEOUT/NÃO_DISPONÍVEL
767,N/A,TIMEOUT/NÃO_DISPONÍVEL
768,N/A,TIMEOUT/NÃO_DISPONÍVEL
769,N/A,TIMEOUT/NÃO_DISPONÍVEL
770,N/A,TIMEOUT/NÃO_DISPONÍVEL
771,N/A,TIMEOUT/NÃO_DISPONÍVEL
772,N/A,TIMEOUT/NÃO_DISPONÍVEL
773,N/A,TIMEOUT/NÃO_DISPONÍVEL
774,N/A,TIMEOUT/NÃO_DISPONÍVEL
775,N/A,TIMEOUT/NÃO_DISPONÍVEL
776,N/A,TIMEOUT/NÃO_DISPONÍVEL
777,N/A,TIMEOUT/NÃO_DISPONÍVEL
778,N/A,TIMEOUT/NÃO_DISPONÍVEL
779,N/A,TIMEOUT/NÃO_DISPONÍVEL
780,N/A,TIMEOUT/NÃO_DISPONÍVEL
781,N/A,TIMEOUT/NÃO_DISPONÍVEL
782,N/A,TIMEOUT/NÃO_DISPONÍVEL
783,N/A,TIMEOUT/NÃO_DISPONÍVEL
784,N/A,TIMEOUT/NÃO_DISPONÍVEL
785,N/A,TIMEOUT/NÃO_DISPONÍVEL
786,N/A,TIMEOUT/NÃO_DISPONÍVEL
787,N/A,TIMEOUT/NÃO_DISPONÍVEL
788,N/A,TIMEOUT/NÃO_DISPONÍVEL
789,N/A,TIMEOUT/NÃO_DISPONÍVEL
790,N/A,TIMEOUT/NÃO_DISPONÍVEL
791,N/A,TIMEOUT/NÃO_DISPONÍVEL
792,N/A,TIMEOUT/NÃO_DISPONÍVEL
793,N/A,TIMEOUT/NÃO_DISPONÍVEL
794,N/A,TIMEOUT/NÃO_DISPONÍVEL
795,N/A,TIMEOUT/NÃO_DISPONÍVEL
796,N/A,TIMEOUT/NÃO_DISPONÍVEL
797,N/A,TIMEOUT/NÃO_DISPONÍVEL
798,N/A,TIMEOUT/NÃO_DISPONÍVEL
799,N/A,TIMEOUT/NÃO_DISPONÍVEL
800,N/A,TIMEOUT/NÃO_DISPONÍVEL
801,N/A,TIMEOUT/NÃO_DISPONÍVEL
802,N/A,TIMEOUT/NÃO_DISPONÍVEL
803,N/A,TIMEOUT/NÃO_DISPONÍVEL
804,N/A,TIMEOUT/NÃO_DISPONÍVEL
805,N/A,TIMEOUT/NÃO_DISPONÍVEL
806,N/A,TIMEOUT/NÃO_DISPONÍVEL
807,N/A,TIMEOUT/NÃO_DISPONÍVEL
808,N/A,TIMEOUT/NÃO_DISPONÍVEL
809,N/A,TIMEOUT/NÃO_DISPONÍVEL
810,N/A,TIMEOUT/NÃO_DISPONÍVEL
811,N/A,TIMEOUT/NÃO_DISPONÍVEL
812,N/A,TIMEOUT/NÃO_DISPONÍVEL
813,N/A,TIMEOUT/NÃO_DISPONÍVEL
814,N/A,TIMEOUT/NÃO_DISPONÍVEL
815,N/A,TIMEOUT/NÃO_DISPONÍVEL
816,N/A,TIMEOUT/NÃO_DISPONÍVEL
817,N/A,TIMEOUT/NÃO_DISPONÍVEL
818,N/A,TIMEOUT/NÃO_DISPONÍVEL
819,N/A,TIMEOUT/NÃO_DISPONÍVEL
820,N/A,TIMEOUT/NÃO_DISPONÍVEL
821,N/A,TIMEOUT/NÃO_DISPONÍVEL
822,N/A,TIMEOUT/NÃO_DISPONÍVEL
823,N/A,TIMEOUT/NÃO_DISPONÍVEL
824,N/A,TIMEOUT/NÃO_DISPONÍVEL
825,N/A,TIMEOUT/NÃO_DISPONÍVEL
826,N/A,TIMEOUT/NÃO_DISPONÍVEL
827,N/A,TIMEOUT/NÃO_DISPONÍVEL
828,N/A,TIMEOUT/NÃO_DISPONÍVEL
829,N/A,TIMEOUT/NÃO_DISPONÍVEL
830,N/A,TIMEOUT/NÃO_DISPONÍVEL
831,N/A,TIMEOUT/NÃO_DISPONÍVEL
832,N/A,TIMEOUT/NÃO_DISPONÍVEL
833,N/A,TIMEOUT/NÃO_DISPONÍVEL
834,N/A,TIMEOUT/NÃO_DISPONÍVEL
835,N/A,TIMEOUT/NÃO_DISPONÍVEL
836,N/A,TIMEOUT/NÃO_DISPONÍVEL
837,N/A,TIMEOUT/NÃO_DISPONÍVEL
838,N/A,TIMEOUT/NÃO_DISPONÍVEL
839,N/A,TIMEOUT/NÃO_DISPONÍVEL
840,N/A,TIMEOUT/NÃO_DISPONÍVEL
841,N/A,TIMEOUT/NÃO_DISPONÍVEL
842,N/A,TIMEOUT/NÃO_DISPONÍVEL
843,N/A,TIMEOUT/NÃO_DISPONÍVEL
844,N/A,TIMEOUT/NÃO_DISPONÍVEL
845,N/A,TIMEOUT/NÃO_DISPONÍVEL
846,N/A,TIMEOUT/NÃO_DISPONÍVEL
847,N/A,TIMEOUT/NÃO_DISPONÍVEL
848,N/A,TIMEOUT/NÃO_DISPONÍVEL
849,N/A,TIMEOUT/NÃO_DISPONÍVEL
850,N/A,TIMEOUT/NÃO_DISPONÍVEL
851,N/A,TIMEOUT/NÃO_DISPONÍVEL
852,N/A,TIMEOUT/NÃO_DISPONÍVEL
853,N/A,TIMEOUT/NÃO_DISPONÍVEL
854,N/A,TIMEOUT/NÃO_DISPONÍVEL
855,N/A,TIMEOUT/NÃO_DISPONÍVEL
856,N/A,TIMEOUT/NÃO_DISPONÍVEL
857,N/A,TIMEOUT/NÃO_DISPONÍVEL
858,N/A,TIMEOUT/NÃO_DISPONÍVEL
859,N/A,TIMEOUT/NÃO_DISPONÍVEL
860,N/A,TIMEOUT/NÃO_DISPONÍVEL
861,N/A,TIMEOUT/NÃO_DISPONÍVEL
862,N/A,TIMEOUT/NÃO_DISPONÍVEL
863,N/A,TIMEOUT/NÃO_DISPONÍVEL
864,N/A,TIMEOUT/NÃO_DISPONÍVEL
865,N/A,TIMEOUT/NÃO_DISPONÍVEL
866,N/A,TIMEOUT/NÃO_DISPONÍVEL
867,N/A,TIMEOUT/NÃO_DISPONÍVEL
868,N/A,TIMEOUT/NÃO_DISPONÍVEL
869,N/A,TIMEOUT/NÃO_DISPONÍVEL
870,N/A,TIMEOUT/NÃO_DISPONÍVEL
871,N/A,TIMEOUT/NÃO_DISPONÍVEL
872,N/A,TIMEOUT/NÃO_DISPONÍVEL
873,N/A,TIMEOUT/NÃO_DISPONÍVEL
874,N/A,TIMEOUT/NÃO_DISPONÍVEL
875,N/A,TIMEOUT/NÃO_DISPONÍVEL
876,N/A,TIMEOUT/NÃO_DISPONÍVEL
877,N/A,TIMEOUT/NÃO_DISPONÍVEL
878,N/A,TIMEOUT/NÃO_DISPONÍVEL
879,N/A,TIMEOUT/NÃO_DISPONÍVEL
880,N/A,TIMEOUT/NÃO_DISPONÍVEL
881,N/A,TIMEOUT/NÃO_DISPONÍVEL
882,N/A,TIMEOUT/NÃO_DISPONÍVEL
883,N/A,TIMEOUT/NÃO_DISPONÍVEL
884,N/A,TIMEOUT/NÃO_DISPONÍVEL
885,N/A,TIMEOUT/NÃO_DISPONÍVEL
886,N/A,TIMEOUT/NÃO_DISPONÍVEL
887,N/A,TIMEOUT/NÃO_DISPONÍVEL
888,N/A,TIMEOUT/NÃO_DISPONÍVEL
889,N/A,TIMEOUT/NÃO_DISPONÍVEL
890,N/A,TIMEOUT/NÃO_DISPONÍVEL
891,N/A,TIMEOUT/NÃO_DISPONÍVEL
892,N/A,TIMEOUT/NÃO_DISPONÍVEL
893,N/A,TIMEOUT/NÃO_DISPONÍVEL
894,N/A,TIMEOUT/NÃO_DISPONÍVEL
895,N/A,TIMEOUT/NÃO_DISPONÍVEL
896,N/A,TIMEOUT/NÃO_DISPONÍVEL
897,N/A,TIMEOUT/NÃO_DISPONÍVEL
898,N/A,TIMEOUT/NÃO_DISPONÍVEL
899,N/A,TIMEOUT/NÃO_DISPONÍVEL
900,N/A,TIMEOUT/NÃO_DISPONÍVEL
901,N/A,TIMEOUT/NÃO_DISPONÍVEL
902,N/A,TIMEOUT/NÃO_DISPONÍVEL
903,N/A,TIMEOUT/NÃO_DISPONÍVEL
904,N/A,TIMEOUT/NÃO_DISPONÍVEL
905,N/A,TIMEOUT/NÃO_DISPONÍVEL
906,N/A,TIMEOUT/NÃO_DISPONÍVEL
907,N/A,TIMEOUT/NÃO_DISPONÍVEL
908,N/A,TIMEOUT/NÃO_DISPONÍVEL
909,N/A,TIMEOUT/NÃO_DISPONÍVEL
910,N/A,TIMEOUT/NÃO_DISPONÍVEL
911,N/A,TIMEOUT/NÃO_DISPONÍVEL
912,N/A,TIMEOUT/NÃO_DISPONÍVEL
913,N/A,TIMEOUT/NÃO_DISPONÍVEL
914,N/A,TIMEOUT/NÃO_DISPONÍVEL
915,N/A,TIMEOUT/NÃO_DISPONÍVEL
916,N/A,TIMEOUT/NÃO_DISPONÍVEL
917,N/A,TIMEOUT/NÃO_DISPONÍVEL
918,N/A,TIMEOUT/NÃO_DISPONÍVEL
919,N/A,TIMEOUT/NÃO_DISPONÍVEL
920,N/A,TIMEOUT/NÃO_DISPONÍVEL
921,N/A,TIMEOUT/NÃO_DISPONÍVEL
922,N/A,TIMEOUT/NÃO_DISPONÍVEL
923,N/A,TIMEOUT/NÃO_DISPONÍVEL
924,N/A,TIMEOUT/NÃO_DISPONÍVEL
925,N/A,TIMEOUT/NÃO_DISPONÍVEL
926,N/A,TIMEOUT/NÃO_DISPONÍVEL
927,N/A,TIMEOUT/NÃO_DISPONÍVEL
928,N/A,TIMEOUT/NÃO_DISPONÍVEL
929,N/A,TIMEOUT/NÃO_DISPONÍVEL
930,N/A,TIMEOUT/NÃO_DISPONÍVEL
931,N/A,TIMEOUT/NÃO_DISPONÍVEL
932,N/A,TIMEOUT/NÃO_DISPONÍVEL
933,N/A,TIMEOUT/NÃO_DISPONÍVEL
934,N/A,TIMEOUT/NÃO_DISPONÍVEL
935,N/A,TIMEOUT/NÃO_DISPONÍVEL
936,N/A,TIMEOUT/NÃO_DISPONÍVEL
937,N/A,TIMEOUT/NÃO_DISPONÍVEL
938,N/A,TIMEOUT/NÃO_DISPONÍVEL
939,N/A,TIMEOUT/NÃO_DISPONÍVEL
940,N/A,TIMEOUT/NÃO_DISPONÍVEL
941,N/A,TIMEOUT/NÃO_DISPONÍVEL
942,N/A,TIMEOUT/NÃO_DISPONÍVEL
943,N/A,TIMEOUT/NÃO_DISPONÍVEL
944,N/A,TIMEOUT/NÃO_DISPONÍVEL
945,N/A,TIMEOUT/NÃO_DISPONÍVEL
946,N/A,TIMEOUT/NÃO_DISPONÍVEL
947,N/A,TIMEOUT/NÃO_DISPONÍVEL
948,N/A,TIMEOUT/NÃO_DISPONÍVEL
949,N/A,TIMEOUT/NÃO_DISPONÍVEL
950,N/A,TIMEOUT/NÃO_DISPONÍVEL
951,N/A,TIMEOUT/NÃO_DISPONÍVEL
952,N/A,TIMEOUT/NÃO_DISPONÍVEL
953,N/A,TIMEOUT/NÃO_DISPONÍVEL
954,N/A,TIMEOUT/NÃO_DISPONÍVEL
955,N/A,TIMEOUT/NÃO_DISPONÍVEL
956,N/A,TIMEOUT/NÃO_DISPONÍVEL
957,N/A,TIMEOUT/NÃO_DISPONÍVEL
958,N/A,TIMEOUT/NÃO_DISPONÍVEL
959,N/A,TIMEOUT/NÃO_DISPONÍVEL
960,N/A,TIMEOUT/NÃO_DISPONÍVEL
961,N/A,TIMEOUT/NÃO_DISPONÍVEL
962,N/A,TIMEOUT/NÃO_DISPONÍVEL
963,N/A,TIMEOUT/NÃO_DISPONÍVEL
964,N/A,TIMEOUT/NÃO_DISPONÍVEL
965,N/A,TIMEOUT/NÃO_DISPONÍVEL
966,N/A,TIMEOUT/NÃO_DISPONÍVEL
967,N/A,TIMEOUT/NÃO_DISPONÍVEL
968,N/A,TIMEOUT/NÃO_DISPONÍVEL
969,N/A,TIMEOUT/NÃO_DISPONÍVEL
970,N/A,TIMEOUT/NÃO_DISPONÍVEL
971,N/A,TIMEOUT/NÃO_DISPONÍVEL
972,N/A,TIMEOUT/NÃO_DISPONÍVEL
973,N/A,TIMEOUT/NÃO_DISPONÍVEL
974,N/A,TIMEOUT/NÃO_DISPONÍVEL
975,N/A,TIMEOUT/NÃO_DISPONÍVEL
976,N/A,TIMEOUT/NÃO_DISPONÍVEL
977,N/A,TIMEOUT/NÃO_DISPONÍVEL
978,N/A,TIMEOUT/NÃO_DISPONÍVEL
979,N/A,TIMEOUT/NÃO_DISPONÍVEL
980,N/A,TIMEOUT/NÃO_DISPONÍVEL
981,N/A,TIMEOUT/NÃO_DISPONÍVEL
982,N/A,TIMEOUT/NÃO_DISPONÍVEL
983,N/A,TIMEOUT/NÃO_DISPONÍVEL
984,N/A,TIMEOUT/NÃO_DISPONÍVEL
985,N/A,TIMEOUT/NÃO_DISPONÍVEL
986,N/A,TIMEOUT/NÃO_DISPONÍVEL
987,N/A,TIMEOUT/NÃO_DISPONÍVEL
988,N/A,TIMEOUT/NÃO_DISPONÍVEL
989,N/A,TIMEOUT/NÃO_DISPONÍVEL
990,N/A,TIMEOUT/NÃO_DISPONÍVEL
991,N/A,TIMEOUT/NÃO_DISPONÍVEL
992,N/A,TIMEOUT/NÃO_DISPONÍVEL
993,N/A,TIMEOUT/NÃO_DISPONÍVEL
994,N/A,TIMEOUT/NÃO_DISPONÍVEL
995,N/A,TIMEOUT/NÃO_DISPONÍVEL
996,N/A,TIMEOUT/NÃO_DISPONÍVEL
997,N/A,TIMEOUT/NÃO_DISPONÍVEL
998,N/A,TIMEOUT/NÃO_DISPONÍVEL
999,N/A,TIMEOUT/NÃO_DISPONÍVEL
1000,N/A,TIMEOUT/NÃO_DISPONÍVEL
1001,N/A,TIMEOUT/NÃO_DISPONÍVEL
1002,N/A,TIMEOUT/NÃO_DISPONÍVEL
1003,N/A,TIMEOUT/NÃO_DISPONÍVEL
1004,N/A,TIMEOUT/NÃO_DISPONÍVEL
1005,N/A,TIMEOUT/NÃO_DISPONÍVEL
1006,N/A,TIMEOUT/NÃO_DISPONÍVEL
1007,N/A,TIMEOUT/NÃO_DISPONÍVEL
1008,N/A,TIMEOUT/NÃO_DISPONÍVEL
1009,N/A,TIMEOUT/NÃO_DISPONÍVEL
1010,N/A,TIMEOUT/NÃO_DISPONÍVEL
1011,N/A,TIMEOUT/NÃO_DISPONÍVEL
1012,N/A,TIMEOUT/NÃO_DISPONÍVEL
1013,N/A,TIMEOUT/NÃO_DISPONÍVEL
1014,N/A,TIMEOUT/NÃO_DISPONÍVEL
1015,N/A,TIMEOUT/NÃO_DISPONÍVEL
1016,N/A,TIMEOUT/NÃO_DISPONÍVEL
1017,N/A,TIMEOUT/NÃO_DISPONÍVEL
1018,N/A,TIMEOUT/NÃO_DISPONÍVEL
1019,N/A,TIMEOUT/NÃO_DISPONÍVEL
1020,N/A,TIMEOUT/NÃO_DISPONÍVEL
1021,N/A,TIMEOUT/NÃO_DISPONÍVEL
1022,N/A,TIMEOUT/NÃO_DISPONÍVEL
1023,N/A,TIMEOUT/NÃO_DISPONÍVEL
1024,N/A,TIMEOUT/NÃO_DISPONÍVEL
1025,N/A,TIMEOUT/NÃO_DISPONÍVEL
1026,N/A,TIMEOUT/NÃO_DISPONÍVEL
1027,N/A,TIMEOUT/NÃO_DISPONÍVEL
1028,N/A,TIMEOUT/NÃO_DISPONÍVEL
1029,N/A,TIMEOUT/NÃO_DISPONÍVEL
1030,N/A,TIMEOUT/NÃO_DISPONÍVEL
1031,N/A,TIMEOUT/NÃO_DISPONÍVEL
1032,N/A,TIMEOUT/NÃO_DISPONÍVEL
1033,N/A,TIMEOUT/NÃO_DISPONÍVEL
1034,N/A,TIMEOUT/NÃO_DISPONÍVEL
1035,N/A,TIMEOUT/NÃO_DISPONÍVEL
1036,N/A,TIMEOUT/NÃO_DISPONÍVEL
1037,N/A,TIMEOUT/NÃO_DISPONÍVEL
1038,N/A,TIMEOUT/NÃO_DISPONÍVEL
1039,N/A,TIMEOUT/NÃO_DISPONÍVEL
1040,N/A,TIMEOUT/NÃO_DISPONÍVEL
1041,N/A,TIMEOUT/NÃO_DISPONÍVEL
1042,N/A,TIMEOUT/NÃO_DISPONÍVEL
1043,N/A,TIMEOUT/NÃO_DISPONÍVEL
1044,N/A,TIMEOUT/NÃO_DISPONÍVEL
1045,N/A,TIMEOUT/NÃO_DISPONÍVEL
1046,N/A,TIMEOUT/NÃO_DISPONÍVEL
1047,N/A,TIMEOUT/NÃO_DISPONÍVEL
1048,N/A,TIMEOUT/NÃO_DISPONÍVEL
1049,N/A,TIMEOUT/NÃO_DISPONÍVEL
1050,N/A,TIMEOUT/NÃO_DISPONÍVEL
1051,N/A,TIMEOUT/NÃO_DISPONÍVEL
1052,N/A,TIMEOUT/NÃO_DISPONÍVEL
1053,N/A,TIMEOUT/NÃO_DISPONÍVEL
1054,N/A,TIMEOUT/NÃO_DISPONÍVEL
1055,N/A,TIMEOUT/NÃO_DISPONÍVEL
1056,N/A,TIMEOUT/NÃO_DISPONÍVEL
1057,N/A,TIMEOUT/NÃO_DISPONÍVEL
1058,N/A,TIMEOUT/NÃO_DISPONÍVEL
1059,N/A,TIMEOUT/NÃO_DISPONÍVEL
1060,N/A,TIMEOUT/NÃO_DISPONÍVEL
1061,N/A,TIMEOUT/NÃO_DISPONÍVEL
1062,N/A,TIMEOUT/NÃO_DISPONÍVEL
1063,N/A,TIMEOUT/NÃO_DISPONÍVEL
1064,N/A,TIMEOUT/NÃO_DISPONÍVEL
1065,N/A,TIMEOUT/NÃO_DISPONÍVEL
1066,N/A,TIMEOUT/NÃO_DISPONÍVEL
1067,N/A,TIMEOUT/NÃO_DISPONÍVEL
1068,N/A,TIMEOUT/NÃO_DISPONÍVEL
1069,N/A,TIMEOUT/NÃO_DISPONÍVEL
1070,N/A,TIMEOUT/NÃO_DISPONÍVEL
1071,N/A,TIMEOUT/NÃO_DISPONÍVEL
1072,N/A,TIMEOUT/NÃO_DISPONÍVEL
1073,N/A,TIMEOUT/NÃO_DISPONÍVEL
1074,N/A,TIMEOUT/NÃO_DISPONÍVEL
1075,N/A,TIMEOUT/NÃO_DISPONÍVEL
1076,N/A,TIMEOUT/NÃO_DISPONÍVEL
1077,N/A,TIMEOUT/NÃO_DISPONÍVEL
1078,N/A,TIMEOUT/NÃO_DISPONÍVEL
1079,N/A,TIMEOUT/NÃO_DISPONÍVEL
1080,N/A,TIMEOUT/NÃO_DISPONÍVEL
1081,N/A,TIMEOUT/NÃO_DISPONÍVEL
1082,N/A,TIMEOUT/NÃO_DISPONÍVEL
1083,N/A,TIMEOUT/NÃO_DISPONÍVEL
1084,N/A,TIMEOUT/NÃO_DISPONÍVEL
1085,N/A,TIMEOUT/NÃO_DISPONÍVEL
1086,N/A,TIMEOUT/NÃO_DISPONÍVEL
1087,N/A,TIMEOUT/NÃO_DISPONÍVEL
1088,N/A,TIMEOUT/NÃO_DISPONÍVEL
1089,N/A,TIMEOUT/NÃO_DISPONÍVEL
1090,N/A,TIMEOUT/NÃO_DISPONÍVEL
1091,N/A,TIMEOUT/NÃO_DISPONÍVEL
1092,N/A,TIMEOUT/NÃO_DISPONÍVEL
1093,N/A,TIMEOUT/NÃO_DISPONÍVEL
1094,N/A,TIMEOUT/NÃO_DISPONÍVEL
1095,N/A,TIMEOUT/NÃO_DISPONÍVEL
1096,N/A,TIMEOUT/NÃO_DISPONÍVEL
1097,N/A,TIMEOUT/NÃO_DISPONÍVEL
1098,N/A,TIMEOUT/NÃO_DISPONÍVEL
1099,N/A,TIMEOUT/NÃO_DISPONÍVEL
1100,N/A,TIMEOUT/NÃO_DISPONÍVEL
1101,N/A,TIMEOUT/NÃO_DISPONÍVEL
1102,N/A,TIMEOUT/NÃO_DISPONÍVEL
1103,N/A,TIMEOUT/NÃO_DISPONÍVEL
1104,N/A,TIMEOUT/NÃO_DISPONÍVEL
1105,N/A,TIMEOUT/NÃO_DISPONÍVEL
1106,N/A,TIMEOUT/NÃO_DISPONÍVEL
1107,N/A,TIMEOUT/NÃO_DISPONÍVEL
1108,N/A,TIMEOUT/NÃO_DISPONÍVEL
1109,N/A,TIMEOUT/NÃO_DISPONÍVEL
1110,N/A,TIMEOUT/NÃO_DISPONÍVEL
1111,N/A,TIMEOUT/NÃO_DISPONÍVEL
1112,N/A,TIMEOUT/NÃO_DISPONÍVEL
1113,N/A,TIMEOUT/NÃO_DISPONÍVEL
1114,N/A,TIMEOUT/NÃO_DISPONÍVEL
1115,N/A,TIMEOUT/NÃO_DISPONÍVEL
1116,N/A,TIMEOUT/NÃO_DISPONÍVEL
1117,N/A,TIMEOUT/NÃO_DISPONÍVEL
1118,N/A,TIMEOUT/NÃO_DISPONÍVEL
1119,N/A,TIMEOUT/NÃO_DISPONÍVEL
1120,N/A,TIMEOUT/NÃO_DISPONÍVEL
1121,N/A,TIMEOUT/NÃO_DISPONÍVEL
1122,N/A,TIMEOUT/NÃO_DISPONÍVEL
1123,N/A,TIMEOUT/NÃO_DISPONÍVEL
1124,N/A,TIMEOUT/NÃO_DISPONÍVEL
1125,N/A,TIMEOUT/NÃO_DISPONÍVEL
1126,N/A,TIMEOUT/NÃO_DISPONÍVEL
1127,N/A,TIMEOUT/NÃO_DISPONÍVEL
1128,N/A,TIMEOUT/NÃO_DISPONÍVEL
1129,N/A,TIMEOUT/NÃO_DISPONÍVEL
1130,N/A,TIMEOUT/NÃO_DISPONÍVEL
1131,N/A,TIMEOUT/NÃO_DISPONÍVEL
1132,N/A,TIMEOUT/NÃO_DISPONÍVEL
1133,N/A,TIMEOUT/NÃO_DISPONÍVEL
1134,N/A,TIMEOUT/NÃO_DISPONÍVEL
1135,N/A,TIMEOUT/NÃO_DISPONÍVEL
1136,N/A,TIMEOUT/NÃO_DISPONÍVEL
1137,N/A,TIMEOUT/NÃO_DISPONÍVEL
1138,N/A,TIMEOUT/NÃO_DISPONÍVEL
1139,N/A,TIMEOUT/NÃO_DISPONÍVEL
1140,N/A,TIMEOUT/NÃO_DISPONÍVEL
1141,N/A,TIMEOUT/NÃO_DISPONÍVEL
1142,N/A,TIMEOUT/NÃO_DISPONÍVEL
1143,N/A,TIMEOUT/NÃO_DISPONÍVEL
1144,N/A,TIMEOUT/NÃO_DISPONÍVEL
1145,N/A,TIMEOUT/NÃO_DISPONÍVEL
1146,N/A,TIMEOUT/NÃO_DISPONÍVEL
1147,N/A,TIMEOUT/NÃO_DISPONÍVEL
1148,N/A,TIMEOUT/NÃO_DISPONÍVEL
1149,N/A,TIMEOUT/NÃO_DISPONÍVEL
1150,N/A,TIMEOUT/NÃO_DISPONÍVEL
1151,N/A,TIMEOUT/NÃO_DISPONÍVEL
1152,N/A,TIMEOUT/NÃO_DISPONÍVEL
1153,N/A,TIMEOUT/NÃO_DISPONÍVEL
1154,N/A,TIMEOUT/NÃO_DISPONÍVEL
1155,N/A,TIMEOUT/NÃO_DISPONÍVEL
1156,N/A,TIMEOUT/NÃO_DISPONÍVEL
1157,N/A,TIMEOUT/NÃO_DISPONÍVEL
1158,N/A,TIMEOUT/NÃO_DISPONÍVEL
1159,N/A,TIMEOUT/NÃO_DISPONÍVEL
1160,N/A,TIMEOUT/NÃO_DISPONÍVEL
1161,N/A,TIMEOUT/NÃO_DISPONÍVEL
1162,N/A,TIMEOUT/NÃO_DISPONÍVEL
1163,N/A,TIMEOUT/NÃO_DISPONÍVEL
1164,N/A,TIMEOUT/NÃO_DISPONÍVEL
1165,N/A,TIMEOUT/NÃO_DISPONÍVEL
1166,N/A,TIMEOUT/NÃO_DISPONÍVEL
1167,N/A,TIMEOUT/NÃO_DISPONÍVEL
1168,N/A,TIMEOUT/NÃO_DISPONÍVEL
1169,N/A,TIMEOUT/NÃO_DISPONÍVEL
1170,N/A,TIMEOUT/NÃO_DISPONÍVEL
1171,N/A,TIMEOUT/NÃO_DISPONÍVEL
1172,N/A,TIMEOUT/NÃO_DISPONÍVEL
1173,N/A,TIMEOUT/NÃO_DISPONÍVEL
1174,N/A,TIMEOUT/NÃO_DISPONÍVEL
1175,N/A,TIMEOUT/NÃO_DISPONÍVEL
1176,N/A,TIMEOUT/NÃO_DISPONÍVEL
1177,N/A,TIMEOUT/NÃO_DISPONÍVEL
1178,N/A,TIMEOUT/NÃO_DISPONÍVEL
1179,N/A,TIMEOUT/NÃO_DISPONÍVEL
1180,N/A,TIMEOUT/NÃO_DISPONÍVEL
1181,N/A,TIMEOUT/NÃO_DISPONÍVEL
1182,N/A,TIMEOUT/NÃO_DISPONÍVEL
1183,N/A,TIMEOUT/NÃO_DISPONÍVEL
1184,N/A,TIMEOUT/NÃO_DISPONÍVEL
1185,N/A,TIMEOUT/NÃO_DISPONÍVEL
1186,N/A,TIMEOUT/NÃO_DISPONÍVEL
1187,N/A,TIMEOUT/NÃO_DISPONÍVEL
1188,N/A,TIMEOUT/NÃO_DISPONÍVEL
1189,N/A,TIMEOUT/NÃO_DISPONÍVEL
1190,N/A,TIMEOUT/NÃO_DISPONÍVEL
1191,N/A,TIMEOUT/NÃO_DISPONÍVEL
1192,N/A,TIMEOUT/NÃO_DISPONÍVEL
1193,N/A,TIMEOUT/NÃO_DISPONÍVEL
1194,N/A,TIMEOUT/NÃO_DISPONÍVEL
1195,N/A,TIMEOUT/NÃO_DISPONÍVEL
1196,N/A,TIMEOUT/NÃO_DISPONÍVEL
1197,N/A,TIMEOUT/NÃO_DISPONÍVEL
1198,N/A,TIMEOUT/NÃO_DISPONÍVEL
1199,N/A,TIMEOUT/NÃO_DISPONÍVEL
1200,N/A,TIMEOUT/NÃO_DISPONÍVEL
1201,N/A,TIMEOUT/NÃO_DISPONÍVEL
1202,N/A,TIMEOUT/NÃO_DISPONÍVEL
1203,N/A,TIMEOUT/NÃO_DISPONÍVEL
1204,N/A,TIMEOUT/NÃO_DISPONÍVEL
1205,N/A,TIMEOUT/NÃO_DISPONÍVEL
1206,N/A,TIMEOUT/NÃO_DISPONÍVEL
1207,N/A,TIMEOUT/NÃO_DISPONÍVEL
1208,N/A,TIMEOUT/NÃO_DISPONÍVEL
1209,N/A,TIMEOUT/NÃO_DISPONÍVEL
1210,N/A,TIMEOUT/NÃO_DISPONÍVEL
1211,N/A,TIMEOUT/NÃO_DISPONÍVEL
1212,N/A,TIMEOUT/NÃO_DISPONÍVEL
1213,N/A,TIMEOUT/NÃO_DISPONÍVEL
1214,N/A,TIMEOUT/NÃO_DISPONÍVEL
1215,N/A,TIMEOUT/NÃO_DISPONÍVEL
1216,N/A,TIMEOUT/NÃO_DISPONÍVEL
1217,N/A,TIMEOUT/NÃO_DISPONÍVEL
1218,N/A,TIMEOUT/NÃO_DISPONÍVEL
1219,N/A,TIMEOUT/NÃO_DISPONÍVEL
1220,N/A,TIMEOUT/NÃO_DISPONÍVEL
1221,N/A,TIMEOUT/NÃO_DISPONÍVEL
1222,N/A,TIMEOUT/NÃO_DISPONÍVEL
1223,N/A,TIMEOUT/NÃO_DISPONÍVEL
1224,N/A,TIMEOUT/NÃO_DISPONÍVEL
1225,N/A,TIMEOUT/NÃO_DISPONÍVEL
1226,N/A,TIMEOUT/NÃO_DISPONÍVEL
1227,N/A,TIMEOUT/NÃO_DISPONÍVEL
1228,N/A,TIMEOUT/NÃO_DISPONÍVEL
1229,N/A,TIMEOUT/NÃO_DISPONÍVEL
1230,N/A,TIMEOUT/NÃO_DISPONÍVEL
1231,N/A,TIMEOUT/NÃO_DISPONÍVEL
1232,N/A,TIMEOUT/NÃO_DISPONÍVEL
1233,N/A,TIMEOUT/NÃO_DISPONÍVEL
1234,N/A,TIMEOUT/NÃO_DISPONÍVEL
1235,N/A,TIMEOUT/NÃO_DISPONÍVEL
1236,N/A,TIMEOUT/NÃO_DISPONÍVEL
1237,N/A,TIMEOUT/NÃO_DISPONÍVEL
1238,N/A,TIMEOUT/NÃO_DISPONÍVEL
1239,N/A,TIMEOUT/NÃO_DISPONÍVEL
1240,N/A,TIMEOUT/NÃO_DISPONÍVEL
1241,N/A,TIMEOUT/NÃO_DISPONÍVEL
1242,N/A,TIMEOUT/NÃO_DISPONÍVEL
1243,N/A,TIMEOUT/NÃO_DISPONÍVEL
1244,N/A,TIMEOUT/NÃO_DISPONÍVEL
1245,N/A,TIMEOUT/NÃO_DISPONÍVEL
1246,N/A,TIMEOUT/NÃO_DISPONÍVEL
1247,N/A,TIMEOUT/NÃO_DISPONÍVEL
1248,N/A,TIMEOUT/NÃO_DISPONÍVEL
1249,N/A,TIMEOUT/NÃO_DISPONÍVEL
1250,N/A,TIMEOUT/NÃO_DISPONÍVEL
1251,N/A,TIMEOUT/NÃO_DISPONÍVEL
1252,N/A,TIMEOUT/NÃO_DISPONÍVEL
1253,N/A,TIMEOUT/NÃO_DISPONÍVEL
1254,N/A,TIMEOUT/NÃO_DISPONÍVEL
1255,N/A,TIMEOUT/NÃO_DISPONÍVEL
1256,N/A,TIMEOUT/NÃO_DISPONÍVEL
1257,N/A,TIMEOUT/NÃO_DISPONÍVEL
1258,N/A,TIMEOUT/NÃO_DISPONÍVEL
1259,N/A,TIMEOUT/NÃO_DISPONÍVEL
1260,N/A,TIMEOUT/NÃO_DISPONÍVEL
1261,N/A,TIMEOUT/NÃO_DISPONÍVEL
1262,N/A,TIMEOUT/NÃO_DISPONÍVEL
1263,N/A,TIMEOUT/NÃO_DISPONÍVEL
1264,N/A,TIMEOUT/NÃO_DISPONÍVEL
1265,N/A,TIMEOUT/NÃO_DISPONÍVEL
1266,N/A,TIMEOUT/NÃO_DISPONÍVEL
1267,N/A,TIMEOUT/NÃO_DISPONÍVEL
1268,N/A,TIMEOUT/NÃO_DISPONÍVEL
1269,N/A,TIMEOUT/NÃO_DISPONÍVEL
1270,N/A,TIMEOUT/NÃO_DISPONÍVEL
1271,N/A,TIMEOUT/NÃO_DISPONÍVEL
1272,N/A,TIMEOUT/NÃO_DISPONÍVEL
1273,N/A,TIMEOUT/NÃO_DISPONÍVEL
1274,N/A,TIMEOUT/NÃO_DISPONÍVEL
1275,N/A,TIMEOUT/NÃO_DISPONÍVEL
1276,N/A,TIMEOUT/NÃO_DISPONÍVEL
1277,N/A,TIMEOUT/NÃO_DISPONÍVEL
1278,N/A,TIMEOUT/NÃO_DISPONÍVEL
1279,N/A,TIMEOUT/NÃO_DISPONÍVEL
1280,N/A,TIMEOUT/NÃO_DISPONÍVEL
1281,N/A,TIMEOUT/NÃO_DISPONÍVEL
1282,N/A,TIMEOUT/NÃO_DISPONÍVEL
1283,N/A,TIMEOUT/NÃO_DISPONÍVEL
1284,N/A,TIMEOUT/NÃO_DISPONÍVEL
1285,N/A,TIMEOUT/NÃO_DISPONÍVEL
1286,N/A,TIMEOUT/NÃO_DISPONÍVEL
1287,N/A,TIMEOUT/NÃO_DISPONÍVEL
1288,N/A,TIMEOUT/NÃO_DISPONÍVEL
1289,N/A,TIMEOUT/NÃO_DISPONÍVEL
1290,N/A,TIMEOUT/NÃO_DISPONÍVEL
1291,N/A,TIMEOUT/NÃO_DISPONÍVEL
1292,N/A,TIMEOUT/NÃO_DISPONÍVEL
1293,N/A,TIMEOUT/NÃO_DISPONÍVEL
1294,N/A,TIMEOUT/NÃO_DISPONÍVEL
1295,N/A,TIMEOUT/NÃO_DISPONÍVEL
1296,N/A,TIMEOUT/NÃO_DISPONÍVEL
1297,N/A,TIMEOUT/NÃO_DISPONÍVEL
1298,N/A,TIMEOUT/NÃO_DISPONÍVEL
1299,N/A,TIMEOUT/NÃO_DISPONÍVEL
1300,N/A,TIMEOUT/NÃO_DISPONÍVEL
1301,N/A,TIMEOUT/NÃO_DISPONÍVEL
1302,N/A,TIMEOUT/NÃO_DISPONÍVEL
1303,N/A,TIMEOUT/NÃO_DISPONÍVEL
1304,N/A,TIMEOUT/NÃO_DISPONÍVEL
1305,N/A,TIMEOUT/NÃO_DISPONÍVEL
1306,N/A,TIMEOUT/NÃO_DISPONÍVEL
1307,N/A,TIMEOUT/NÃO_DISPONÍVEL
1308,N/A,TIMEOUT/NÃO_DISPONÍVEL
1309,N/A,TIMEOUT/NÃO_DISPONÍVEL
1310,N/A,TIMEOUT/NÃO_DISPONÍVEL
1311,N/A,TIMEOUT/NÃO_DISPONÍVEL
1312,N/A,TIMEOUT/NÃO_DISPONÍVEL
1313,N/A,TIMEOUT/NÃO_DISPONÍVEL
1314,N/A,TIMEOUT/NÃO_DISPONÍVEL
1315,N/A,TIMEOUT/NÃO_DISPONÍVEL
1316,N/A,TIMEOUT/NÃO_DISPONÍVEL
1317,N/A,TIMEOUT/NÃO_DISPONÍVEL
1318,N/A,TIMEOUT/NÃO_DISPONÍVEL
1319,N/A,TIMEOUT/NÃO_DISPONÍVEL
1320,N/A,TIMEOUT/NÃO_DISPONÍVEL
1321,N/A,TIMEOUT/NÃO_DISPONÍVEL
1322,N/A,TIMEOUT/NÃO_DISPONÍVEL
1323,N/A,TIMEOUT/NÃO_DISPONÍVEL
1324,N/A,TIMEOUT/NÃO_DISPONÍVEL
1325,N/A,TIMEOUT/NÃO_DISPONÍVEL
1326,N/A,TIMEOUT/NÃO_DISPONÍVEL
1327,N/A,TIMEOUT/NÃO_DISPONÍVEL
1328,N/A,TIMEOUT/NÃO_DISPONÍVEL
1329,N/A,TIMEOUT/NÃO_DISPONÍVEL
1330,N/A,TIMEOUT/NÃO_DISPONÍVEL
1331,N/A,TIMEOUT/NÃO_DISPONÍVEL
1332,N/A,TIMEOUT/NÃO_DISPONÍVEL
1333,N/A,TIMEOUT/NÃO_DISPONÍVEL
1334,N/A,TIMEOUT/NÃO_DISPONÍVEL
1335,N/A,TIMEOUT/NÃO_DISPONÍVEL
1336,N/A,TIMEOUT/NÃO_DISPONÍVEL
1337,N/A,TIMEOUT/NÃO_DISPONÍVEL
1338,N/A,TIMEOUT/NÃO_DISPONÍVEL
1339,N/A,TIMEOUT/NÃO_DISPONÍVEL
1340,N/A,TIMEOUT/NÃO_DISPONÍVEL
1341,N/A,TIMEOUT/NÃO_DISPONÍVEL
1342,N/A,TIMEOUT/NÃO_DISPONÍVEL
1343,N/A,TIMEOUT/NÃO_DISPONÍVEL
1344,N/A,TIMEOUT/NÃO_DISPONÍVEL
1345,N/A,TIMEOUT/NÃO_DISPONÍVEL
1346,N/A,TIMEOUT/NÃO_DISPONÍVEL
1347,N/A,TIMEOUT/NÃO_DISPONÍVEL
1348,N/A,TIMEOUT/NÃO_DISPONÍVEL
1349,N/A,TIMEOUT/NÃO_DISPONÍVEL
1350,N/A,TIMEOUT/NÃO_DISPONÍVEL
1351,N/A,TIMEOUT/NÃO_DISPONÍVEL
1352,N/A,TIMEOUT/NÃO_DISPONÍVEL
1353,N/A,TIMEOUT/NÃO_DISPONÍVEL
1354,N/A,TIMEOUT/NÃO_DISPONÍVEL
1355,N/A,TIMEOUT/NÃO_DISPONÍVEL
1356,N/A,TIMEOUT/NÃO_DISPONÍVEL
1357,N/A,TIMEOUT/NÃO_DISPONÍVEL
1358,N/A,TIMEOUT/NÃO_DISPONÍVEL
1359,N/A,TIMEOUT/NÃO_DISPONÍVEL
1360,N/A,TIMEOUT/NÃO_DISPONÍVEL
1361,N/A,TIMEOUT/NÃO_DISPONÍVEL
1362,N/A,TIMEOUT/NÃO_DISPONÍVEL
1363,N/A,TIMEOUT/NÃO_DISPONÍVEL
1364,N/A,TIMEOUT/NÃO_DISPONÍVEL
1365,N/A,TIMEOUT/NÃO_DISPONÍVEL
1366,N/A,TIMEOUT/NÃO_DISPONÍVEL
1367,N/A,TIMEOUT/NÃO_DISPONÍVEL
1368,N/A,TIMEOUT/NÃO_DISPONÍVEL
1369,N/A,TIMEOUT/NÃO_DISPONÍVEL
1370,N/A,TIMEOUT/NÃO_DISPONÍVEL
1371,N/A,TIMEOUT/NÃO_DISPONÍVEL
1372,N/A,TIMEOUT/NÃO_DISPONÍVEL
1373,N/A,TIMEOUT/NÃO_DISPONÍVEL
1374,N/A,TIMEOUT/NÃO_DISPONÍVEL
1375,N/A,TIMEOUT/NÃO_DISPONÍVEL
1376,N/A,TIMEOUT/NÃO_DISPONÍVEL
1377,N/A,TIMEOUT/NÃO_DISPONÍVEL
1378,N/A,TIMEOUT/NÃO_DISPONÍVEL
1379,N/A,TIMEOUT/NÃO_DISPONÍVEL
1380,N/A,TIMEOUT/NÃO_DISPONÍVEL
1381,N/A,TIMEOUT/NÃO_DISPONÍVEL
1382,N/A,TIMEOUT/NÃO_DISPONÍVEL
1383,N/A,TIMEOUT/NÃO_DISPONÍVEL
1384,N/A,TIMEOUT/NÃO_DISPONÍVEL
1385,N/A,TIMEOUT/NÃO_DISPONÍVEL
1386,N/A,TIMEOUT/NÃO_DISPONÍVEL
1387,N/A,TIMEOUT/NÃO_DISPONÍVEL
1388,N/A,TIMEOUT/NÃO_DISPONÍVEL
1389,N/A,TIMEOUT/NÃO_DISPONÍVEL
1390,N/A,TIMEOUT/NÃO_DISPONÍVEL
1391,N/A,TIMEOUT/NÃO_DISPONÍVEL
1392,N/A,TIMEOUT/NÃO_DISPONÍVEL
1393,N/A,TIMEOUT/NÃO_DISPONÍVEL
1394,N/A,TIMEOUT/NÃO_DISPONÍVEL
1395,N/A,TIMEOUT/NÃO_DISPONÍVEL
1396,N/A,TIMEOUT/NÃO_DISPONÍVEL
1397,N/A,TIMEOUT/NÃO_DISPONÍVEL
1398,N/A,TIMEOUT/NÃO_DISPONÍVEL
1399,N/A,TIMEOUT/NÃO_DISPONÍVEL
1400,N/A,TIMEOUT/NÃO_DISPONÍVEL
1401,N/A,TIMEOUT/NÃO_DISPONÍVEL
1402,N/A,TIMEOUT/NÃO_DISPONÍVEL
1403,N/A,TIMEOUT/NÃO_DISPONÍVEL
1404,N/A,TIMEOUT/NÃO_DISPONÍVEL
1405,N/A,TIMEOUT/NÃO_DISPONÍVEL
1406,N/A,TIMEOUT/NÃO_DISPONÍVEL
1407,N/A,TIMEOUT/NÃO_DISPONÍVEL
1408,N/A,TIMEOUT/NÃO_DISPONÍVEL
1409,N/A,TIMEOUT/NÃO_DISPONÍVEL
1410,N/A,TIMEOUT/NÃO_DISPONÍVEL
1411,N/A,TIMEOUT/NÃO_DISPONÍVEL
1412,N/A,TIMEOUT/NÃO_DISPONÍVEL
1413,N/A,TIMEOUT/NÃO_DISPONÍVEL
1414,N/A,TIMEOUT/NÃO_DISPONÍVEL
1415,N/A,TIMEOUT/NÃO_DISPONÍVEL
1416,N/A,TIMEOUT/NÃO_DISPONÍVEL
1417,N/A,TIMEOUT/NÃO_DISPONÍVEL
1418,N/A,TIMEOUT/NÃO_DISPONÍVEL
1419,N/A,TIMEOUT/NÃO_DISPONÍVEL
1420,N/A,TIMEOUT/NÃO_DISPONÍVEL
1421,N/A,TIMEOUT/NÃO_DISPONÍVEL
1422,N/A,TIMEOUT/NÃO_DISPONÍVEL
1423,N/A,TIMEOUT/NÃO_DISPONÍVEL
1424,N/A,TIMEOUT/NÃO_DISPONÍVEL
1425,N/A,TIMEOUT/NÃO_DISPONÍVEL
1426,N/A,TIMEOUT/NÃO_DISPONÍVEL
1427,N/A,TIMEOUT/NÃO_DISPONÍVEL
1428,N/A,TIMEOUT/NÃO_DISPONÍVEL
1429,N/A,TIMEOUT/NÃO_DISPONÍVEL
1430,N/A,TIMEOUT/NÃO_DISPONÍVEL
1431,N/A,TIMEOUT/NÃO_DISPONÍVEL
1432,N/A,TIMEOUT/NÃO_DISPONÍVEL
1433,N/A,TIMEOUT/NÃO_DISPONÍVEL
1434,N/A,TIMEOUT/NÃO_DISPONÍVEL
1435,N/A,TIMEOUT/NÃO_DISPONÍVEL
1436,N/A,TIMEOUT/NÃO_DISPONÍVEL
1437,N/A,TIMEOUT/NÃO_DISPONÍVEL
1438,N/A,TIMEOUT/NÃO_DISPONÍVEL
1439,N/A,TIMEOUT/NÃO_DISPONÍVEL
1440,N/A,TIMEOUT/NÃO_DISPONÍVEL
1441,N/A,TIMEOUT/NÃO_DISPONÍVEL
1442,N/A,TIMEOUT/NÃO_DISPONÍVEL
1443,N/A,TIMEOUT/NÃO_DISPONÍVEL
1444,N/A,TIMEOUT/NÃO_DISPONÍVEL
1445,N/A,TIMEOUT/NÃO_DISPONÍVEL
1446,N/A,TIMEOUT/NÃO_DISPONÍVEL
1447,N/A,TIMEOUT/NÃO_DISPONÍVEL
1448,N/A,TIMEOUT/NÃO_DISPONÍVEL
1449,N/A,TIMEOUT/NÃO_DISPONÍVEL
1450,N/A,TIMEOUT/NÃO_DISPONÍVEL
1451,N/A,TIMEOUT/NÃO_DISPONÍVEL
1452,N/A,TIMEOUT/NÃO_DISPONÍVEL
1453,N/A,TIMEOUT/NÃO_DISPONÍVEL
1454,N/A,TIMEOUT/NÃO_DISPONÍVEL
1455,N/A,TIMEOUT/NÃO_DISPONÍVEL
1456,N/A,TIMEOUT/NÃO_DISPONÍVEL
1457,N/A,TIMEOUT/NÃO_DISPONÍVEL
1458,N/A,TIMEOUT/NÃO_DISPONÍVEL
1459,N/A,TIMEOUT/NÃO_DISPONÍVEL
1460,N/A,TIMEOUT/NÃO_DISPONÍVEL
1461,N/A,TIMEOUT/NÃO_DISPONÍVEL
1462,N/A,TIMEOUT/NÃO_DISPONÍVEL
1463,N/A,TIMEOUT/NÃO_DISPONÍVEL
1464,N/A,TIMEOUT/NÃO_DISPONÍVEL
1465,N/A,TIMEOUT/NÃO_DISPONÍVEL
1466,N/A,TIMEOUT/NÃO_DISPONÍVEL
1467,N/A,TIMEOUT/NÃO_DISPONÍVEL
1468,N/A,TIMEOUT/NÃO_DISPONÍVEL
1469,N/A,TIMEOUT/NÃO_DISPONÍVEL
1470,N/A,TIMEOUT/NÃO_DISPONÍVEL
1471,N/A,TIMEOUT/NÃO_DISPONÍVEL
1472,N/A,TIMEOUT/NÃO_DISPONÍVEL
1473,N/A,TIMEOUT/NÃO_DISPONÍVEL
1474,N/A,TIMEOUT/NÃO_DISPONÍVEL
1475,N/A,TIMEOUT/NÃO_DISPONÍVEL
1476,N/A,TIMEOUT/NÃO_DISPONÍVEL
1477,N/A,TIMEOUT/NÃO_DISPONÍVEL
1478,N/A,TIMEOUT/NÃO_DISPONÍVEL
1479,N/A,TIMEOUT/NÃO_DISPONÍVEL
1480,N/A,TIMEOUT/NÃO_DISPONÍVEL
1481,N/A,TIMEOUT/NÃO_DISPONÍVEL
1482,N/A,TIMEOUT/NÃO_DISPONÍVEL
1483,N/A,TIMEOUT/NÃO_DISPONÍVEL
1484,N/A,TIMEOUT/NÃO_DISPONÍVEL
1485,N/A,TIMEOUT/NÃO_DISPONÍVEL
1486,N/A,TIMEOUT/NÃO_DISPONÍVEL
1487,N/A,TIMEOUT/NÃO_DISPONÍVEL
1488,N/A,TIMEOUT/NÃO_DISPONÍVEL
1489,N/A,TIMEOUT/NÃO_DISPONÍVEL
1490,N/A,TIMEOUT/NÃO_DISPONÍVEL
1491,N/A,TIMEOUT/NÃO_DISPONÍVEL
1492,N/A,TIMEOUT/NÃO_DISPONÍVEL
1493,N/A,TIMEOUT/NÃO_DISPONÍVEL
1494,N/A,TIMEOUT/NÃO_DISPONÍVEL
1495,N/A,TIMEOUT/NÃO_DISPONÍVEL
1496,N/A,TIMEOUT/NÃO_DISPONÍVEL
1497,N/A,TIMEOUT/NÃO_DISPONÍVEL
1498,N/A,TIMEOUT/NÃO_DISPONÍVEL
1499,N/A,TIMEOUT/NÃO_DISPONÍVEL
1500,N/A,TIMEOUT/NÃO_DISPONÍVEL
1501,N/A,TIMEOUT/NÃO_DISPONÍVEL
1502,N/A,TIMEOUT/NÃO_DISPONÍVEL
1503,N/A,TIMEOUT/NÃO_DISPONÍVEL
1504,N/A,TIMEOUT/NÃO_DISPONÍVEL
1505,N/A,TIMEOUT/NÃO_DISPONÍVEL
1506,N/A,TIMEOUT/NÃO_DISPONÍVEL
1507,N/A,TIMEOUT/NÃO_DISPONÍVEL
1508,N/A,TIMEOUT/NÃO_DISPONÍVEL
1509,N/A,TIMEOUT/NÃO_DISPONÍVEL
1510,N/A,TIMEOUT/NÃO_DISPONÍVEL
1511,N/A,TIMEOUT/NÃO_DISPONÍVEL
1512,N/A,TIMEOUT/NÃO_DISPONÍVEL
1513,N/A,TIMEOUT/NÃO_DISPONÍVEL
1514,N/A,TIMEOUT/NÃO_DISPONÍVEL
1515,N/A,TIMEOUT/NÃO_DISPONÍVEL
1516,N/A,TIMEOUT/NÃO_DISPONÍVEL
1517,N/A,TIMEOUT/NÃO_DISPONÍVEL
1518,N/A,TIMEOUT/NÃO_DISPONÍVEL
1519,N/A,TIMEOUT/NÃO_DISPONÍVEL
1520,N/A,TIMEOUT/NÃO_DISPONÍVEL
1521,N/A,TIMEOUT/NÃO_DISPONÍVEL
1522,N/A,TIMEOUT/NÃO_DISPONÍVEL
1523,N/A,TIMEOUT/NÃO_DISPONÍVEL
1524,N/A,TIMEOUT/NÃO_DISPONÍVEL
1525,N/A,TIMEOUT/NÃO_DISPONÍVEL
1526,N/A,TIMEOUT/NÃO_DISPONÍVEL
1527,N/A,TIMEOUT/NÃO_DISPONÍVEL
1528,N/A,TIMEOUT/NÃO_DISPONÍVEL
1529,N/A,TIMEOUT/NÃO_DISPONÍVEL
1530,N/A,TIMEOUT/NÃO_DISPONÍVEL
1531,N/A,TIMEOUT/NÃO_DISPONÍVEL
1532,N/A,TIMEOUT/NÃO_DISPONÍVEL
1533,N/A,TIMEOUT/NÃO_DISPONÍVEL
1534,N/A,TIMEOUT/NÃO_DISPONÍVEL
1535,N/A,TIMEOUT/NÃO_DISPONÍVEL
1536,N/A,TIMEOUT/NÃO_DISPONÍVEL
1537,N/A,TIMEOUT/NÃO_DISPONÍVEL
1538,N/A,TIMEOUT/NÃO_DISPONÍVEL
1539,N/A,TIMEOUT/NÃO_DISPONÍVEL
1540,N/A,TIMEOUT/NÃO_DISPONÍVEL
1541,N/A,TIMEOUT/NÃO_DISPONÍVEL
1542,N/A,TIMEOUT/NÃO_DISPONÍVEL
1543,N/A,TIMEOUT/NÃO_DISPONÍVEL
1544,N/A,TIMEOUT/NÃO_DISPONÍVEL
1545,N/A,TIMEOUT/NÃO_DISPONÍVEL
1546,N/A,TIMEOUT/NÃO_DISPONÍVEL
1547,N/A,TIMEOUT/NÃO_DISPONÍVEL
1548,N/A,TIMEOUT/NÃO_DISPONÍVEL
1549,N/A,TIMEOUT/NÃO_DISPONÍVEL
1550,N/A,TIMEOUT/NÃO_DISPONÍVEL
1551,N/A,TIMEOUT/NÃO_DISPONÍVEL
1552,N/A,TIMEOUT/NÃO_DISPONÍVEL
1553,N/A,TIMEOUT/NÃO_DISPONÍVEL
1554,N/A,TIMEOUT/NÃO_DISPONÍVEL
1555,N/A,TIMEOUT/NÃO_DISPONÍVEL
1556,N/A,TIMEOUT/NÃO_DISPONÍVEL
1557,N/A,TIMEOUT/NÃO_DISPONÍVEL
1558,N/A,TIMEOUT/NÃO_DISPONÍVEL
1559,N/A,TIMEOUT/NÃO_DISPONÍVEL
1560,N/A,TIMEOUT/NÃO_DISPONÍVEL
1561,N/A,TIMEOUT/NÃO_DISPONÍVEL
1562,N/A,TIMEOUT/NÃO_DISPONÍVEL
1563,N/A,TIMEOUT/NÃO_DISPONÍVEL
1564,N/A,TIMEOUT/NÃO_DISPONÍVEL
1565,N/A,TIMEOUT/NÃO_DISPONÍVEL
1566,N/A,TIMEOUT/NÃO_DISPONÍVEL
1567,N/A,TIMEOUT/NÃO_DISPONÍVEL
1568,N/A,TIMEOUT/NÃO_DISPONÍVEL
1569,N/A,TIMEOUT/NÃO_DISPONÍVEL
1570,N/A,TIMEOUT/NÃO_DISPONÍVEL
1571,N/A,TIMEOUT/NÃO_DISPONÍVEL
1572,N/A,TIMEOUT/NÃO_DISPONÍVEL
1573,N/A,TIMEOUT/NÃO_DISPONÍVEL
1574,N/A,TIMEOUT/NÃO_DISPONÍVEL
1575,N/A,TIMEOUT/NÃO_DISPONÍVEL
1576,N/A,TIMEOUT/NÃO_DISPONÍVEL
1577,N/A,TIMEOUT/NÃO_DISPONÍVEL
1578,N/A,TIMEOUT/NÃO_DISPONÍVEL
1579,N/A,TIMEOUT/NÃO_DISPONÍVEL
1580,N/A,TIMEOUT/NÃO_DISPONÍVEL
1581,N/A,TIMEOUT/NÃO_DISPONÍVEL
1582,N/A,TIMEOUT/NÃO_DISPONÍVEL
1583,N/A,TIMEOUT/NÃO_DISPONÍVEL
1584,N/A,TIMEOUT/NÃO_DISPONÍVEL
1585,N/A,TIMEOUT/NÃO_DISPONÍVEL
1586,N/A,TIMEOUT/NÃO_DISPONÍVEL
1587,N/A,TIMEOUT/NÃO_DISPONÍVEL
1588,N/A,TIMEOUT/NÃO_DISPONÍVEL
1589,N/A,TIMEOUT/NÃO_DISPONÍVEL
1590,N/A,TIMEOUT/NÃO_DISPONÍVEL
1591,N/A,TIMEOUT/NÃO_DISPONÍVEL
1592,N/A,TIMEOUT/NÃO_DISPONÍVEL
1593,N/A,TIMEOUT/NÃO_DISPONÍVEL
1594,N/A,TIMEOUT/NÃO_DISPONÍVEL
1595,N/A,TIMEOUT/NÃO_DISPONÍVEL
1596,N/A,TIMEOUT/NÃO_DISPONÍVEL
1597,N/A,TIMEOUT/NÃO_DISPONÍVEL
1598,N/A,TIMEOUT/NÃO_DISPONÍVEL
1599,N/A,TIMEOUT/NÃO_DISPONÍVEL
1600,N/A,TIMEOUT/NÃO_DISPONÍVEL
1601,N/A,TIMEOUT/NÃO_DISPONÍVEL
1602,N/A,TIMEOUT/NÃO_DISPONÍVEL
1603,N/A,TIMEOUT/NÃO_DISPONÍVEL
1604,N/A,TIMEOUT/NÃO_DISPONÍVEL
1605,N/A,TIMEOUT/NÃO_DISPONÍVEL
1606,N/A,TIMEOUT/NÃO_DISPONÍVEL
1607,N/A,TIMEOUT/NÃO_DISPONÍVEL
1608,N/A,TIMEOUT/NÃO_DISPONÍVEL
1609,N/A,TIMEOUT/NÃO_DISPONÍVEL
1610,N/A,TIMEOUT/NÃO_DISPONÍVEL
1611,N/A,TIMEOUT/NÃO_DISPONÍVEL
1612,N/A,TIMEOUT/NÃO_DISPONÍVEL
1613,N/A,TIMEOUT/NÃO_DISPONÍVEL
1614,N/A,TIMEOUT/NÃO_DISPONÍVEL
1615,N/A,TIMEOUT/NÃO_DISPONÍVEL
1616,N/A,TIMEOUT/NÃO_DISPONÍVEL
1617,N/A,TIMEOUT/NÃO_DISPONÍVEL
1618,N/A,TIMEOUT/NÃO_DISPONÍVEL
1619,N/A,TIMEOUT/NÃO_DISPONÍVEL
1620,N/A,TIMEOUT/NÃO_DISPONÍVEL
1621,N/A,TIMEOUT/NÃO_DISPONÍVEL
1622,N/A,TIMEOUT/NÃO_DISPONÍVEL
1623,N/A,TIMEOUT/NÃO_DISPONÍVEL
1624,N/A,TIMEOUT/NÃO_DISPONÍVEL
1625,N/A,TIMEOUT/NÃO_DISPONÍVEL
1626,N/A,TIMEOUT/NÃO_DISPONÍVEL
1627,N/A,TIMEOUT/NÃO_DISPONÍVEL
1628,N/A,TIMEOUT/NÃO_DISPONÍVEL
1629,N/A,TIMEOUT/NÃO_DISPONÍVEL
1630,N/A,TIMEOUT/NÃO_DISPONÍVEL
1631,N/A,TIMEOUT/NÃO_DISPONÍVEL
1632,N/A,TIMEOUT/NÃO_DISPONÍVEL
1633,N/A,TIMEOUT/NÃO_DISPONÍVEL
1634,N/A,TIMEOUT/NÃO_DISPONÍVEL
1635,N/A,TIMEOUT/NÃO_DISPONÍVEL
1636,N/A,TIMEOUT/NÃO_DISPONÍVEL
1637,N/A,TIMEOUT/NÃO_DISPONÍVEL
1638,N/A,TIMEOUT/NÃO_DISPONÍVEL
1639,N/A,TIMEOUT/NÃO_DISPONÍVEL
1640,N/A,TIMEOUT/NÃO_DISPONÍVEL
1641,N/A,TIMEOUT/NÃO_DISPONÍVEL
1642,N/A,TIMEOUT/NÃO_DISPONÍVEL
1643,N/A,TIMEOUT/NÃO_DISPONÍVEL
1644,N/A,TIMEOUT/NÃO_DISPONÍVEL
1645,N/A,TIMEOUT/NÃO_DISPONÍVEL
1646,N/A,TIMEOUT/NÃO_DISPONÍVEL
1647,N/A,TIMEOUT/NÃO_DISPONÍVEL
1648,N/A,TIMEOUT/NÃO_DISPONÍVEL
1649,N/A,TIMEOUT/NÃO_DISPONÍVEL
1650,N/A,TIMEOUT/NÃO_DISPONÍVEL
1651,N/A,TIMEOUT/NÃO_DISPONÍVEL
1652,N/A,TIMEOUT/NÃO_DISPONÍVEL
1653,N/A,TIMEOUT/NÃO_DISPONÍVEL
1654,N/A,TIMEOUT/NÃO_DISPONÍVEL
1655,N/A,TIMEOUT/NÃO_DISPONÍVEL
1656,N/A,TIMEOUT/NÃO_DISPONÍVEL
1657,N/A,TIMEOUT/NÃO_DISPONÍVEL
1658,N/A,TIMEOUT/NÃO_DISPONÍVEL
1659,N/A,TIMEOUT/NÃO_DISPONÍVEL
1660,N/A,TIMEOUT/NÃO_DISPONÍVEL
1661,N/A,TIMEOUT/NÃO_DISPONÍVEL
1662,N/A,TIMEOUT/NÃO_DISPONÍVEL
1663,N/A,TIMEOUT/NÃO_DISPONÍVEL
1664,N/A,TIMEOUT/NÃO_DISPONÍVEL
1665,N/A,TIMEOUT/NÃO_DISPONÍVEL
1666,N/A,TIMEOUT/NÃO_DISPONÍVEL
1667,N/A,TIMEOUT/NÃO_DISPONÍVEL
1668,N/A,TIMEOUT/NÃO_DISPONÍVEL
1669,N/A,TIMEOUT/NÃO_DISPONÍVEL
1670,N/A,TIMEOUT/NÃO_DISPONÍVEL
1671,N/A,TIMEOUT/NÃO_DISPONÍVEL
1672,N/A,TIMEOUT/NÃO_DISPONÍVEL
1673,N/A,TIMEOUT/NÃO_DISPONÍVEL
1674,N/A,TIMEOUT/NÃO_DISPONÍVEL
1675,N/A,TIMEOUT/NÃO_DISPONÍVEL
1676,N/A,TIMEOUT/NÃO_DISPONÍVEL
1677,N/A,TIMEOUT/NÃO_DISPONÍVEL
1678,N/A,TIMEOUT/NÃO_DISPONÍVEL
1679,N/A,TIMEOUT/NÃO_DISPONÍVEL
1680,N/A,TIMEOUT/NÃO_DISPONÍVEL
1681,N/A,TIMEOUT/NÃO_DISPONÍVEL
1682,N/A,TIMEOUT/NÃO_DISPONÍVEL
1683,N/A,TIMEOUT/NÃO_DISPONÍVEL
1684,N/A,TIMEOUT/NÃO_DISPONÍVEL
1685,N/A,TIMEOUT/NÃO_DISPONÍVEL
1686,N/A,TIMEOUT/NÃO_DISPONÍVEL
1687,N/A,TIMEOUT/NÃO_DISPONÍVEL
1688,N/A,TIMEOUT/NÃO_DISPONÍVEL
1689,N/A,TIMEOUT/NÃO_DISPONÍVEL
1690,N/A,TIMEOUT/NÃO_DISPONÍVEL
1691,N/A,TIMEOUT/NÃO_DISPONÍVEL
1692,N/A,TIMEOUT/NÃO_DISPONÍVEL
1693,N/A,TIMEOUT/NÃO_DISPONÍVEL
1694,N/A,TIMEOUT/NÃO_DISPONÍVEL
1695,N/A,TIMEOUT/NÃO_DISPONÍVEL
1696,N/A,TIMEOUT/NÃO_DISPONÍVEL
1697,N/A,TIMEOUT/NÃO_DISPONÍVEL
1698,N/A,TIMEOUT/NÃO_DISPONÍVEL
1699,N/A,TIMEOUT/NÃO_DISPONÍVEL
1700,N/A,TIMEOUT/NÃO_DISPONÍVEL
1701,N/A,TIMEOUT/NÃO_DISPONÍVEL
1702,N/A,TIMEOUT/NÃO_DISPONÍVEL
1703,N/A,TIMEOUT/NÃO_DISPONÍVEL
1704,N/A,TIMEOUT/NÃO_DISPONÍVEL
1705,N/A,TIMEOUT/NÃO_DISPONÍVEL
1706,N/A,TIMEOUT/NÃO_DISPONÍVEL
1707,N/A,TIMEOUT/NÃO_DISPONÍVEL
1708,N/A,TIMEOUT/NÃO_DISPONÍVEL
1709,N/A,TIMEOUT/NÃO_DISPONÍVEL
1710,N/A,TIMEOUT/NÃO_DISPONÍVEL
1711,N/A,TIMEOUT/NÃO_DISPONÍVEL
1712,N/A,TIMEOUT/NÃO_DISPONÍVEL
1713,N/A,TIMEOUT/NÃO_DISPONÍVEL
1714,N/A,TIMEOUT/NÃO_DISPONÍVEL
1715,N/A,TIMEOUT/NÃO_DISPONÍVEL
1716,N/A,TIMEOUT/NÃO_DISPONÍVEL
1717,N/A,TIMEOUT/NÃO_DISPONÍVEL
1718,N/A,TIMEOUT/NÃO_DISPONÍVEL
1719,N/A,TIMEOUT/NÃO_DISPONÍVEL
1720,N/A,TIMEOUT/NÃO_DISPONÍVEL
1721,N/A,TIMEOUT/NÃO_DISPONÍVEL
1722,N/A,TIMEOUT/NÃO_DISPONÍVEL
1723,N/A,TIMEOUT/NÃO_DISPONÍVEL
1724,N/A,TIMEOUT/NÃO_DISPONÍVEL
1725,N/A,TIMEOUT/NÃO_DISPONÍVEL
1726,N/A,TIMEOUT/NÃO_DISPONÍVEL
1727,N/A,TIMEOUT/NÃO_DISPONÍVEL
1728,N/A,TIMEOUT/NÃO_DISPONÍVEL
1729,N/A,TIMEOUT/NÃO_DISPONÍVEL
1730,N/A,TIMEOUT/NÃO_DISPONÍVEL
1731,N/A,TIMEOUT/NÃO_DISPONÍVEL
1732,N/A,TIMEOUT/NÃO_DISPONÍVEL
1733,N/A,TIMEOUT/NÃO_DISPONÍVEL
1734,N/A,TIMEOUT/NÃO_DISPONÍVEL
1735,N/A,TIMEOUT/NÃO_DISPONÍVEL
1736,N/A,TIMEOUT/NÃO_DISPONÍVEL
1737,N/A,TIMEOUT/NÃO_DISPONÍVEL
1738,N/A,TIMEOUT/NÃO_DISPONÍVEL
1739,N/A,TIMEOUT/NÃO_DISPONÍVEL
1740,N/A,TIMEOUT/NÃO_DISPONÍVEL
1741,N/A,TIMEOUT/NÃO_DISPONÍVEL
1742,N/A,TIMEOUT/NÃO_DISPONÍVEL
1743,N/A,TIMEOUT/NÃO_DISPONÍVEL
1744,N/A,TIMEOUT/NÃO_DISPONÍVEL
1745,N/A,TIMEOUT/NÃO_DISPONÍVEL
1746,N/A,TIMEOUT/NÃO_DISPONÍVEL
1747,N/A,TIMEOUT/NÃO_DISPONÍVEL
1748,N/A,TIMEOUT/NÃO_DISPONÍVEL
1749,N/A,TIMEOUT/NÃO_DISPONÍVEL
1750,N/A,TIMEOUT/NÃO_DISPONÍVEL
1751,N/A,TIMEOUT/NÃO_DISPONÍVEL
1752,N/A,TIMEOUT/NÃO_DISPONÍVEL
1753,N/A,TIMEOUT/NÃO_DISPONÍVEL
1754,N/A,TIMEOUT/NÃO_DISPONÍVEL
1755,N/A,TIMEOUT/NÃO_DISPONÍVEL
1756,N/A,TIMEOUT/NÃO_DISPONÍVEL
1757,N/A,TIMEOUT/NÃO_DISPONÍVEL
1758,N/A,TIMEOUT/NÃO_DISPONÍVEL
1759,N/A,TIMEOUT/NÃO_DISPONÍVEL
1760,N/A,TIMEOUT/NÃO_DISPONÍVEL
1761,N/A,TIMEOUT/NÃO_DISPONÍVEL
1762,N/A,TIMEOUT/NÃO_DISPONÍVEL
1763,N/A,TIMEOUT/NÃO_DISPONÍVEL
1764,N/A,TIMEOUT/NÃO_DISPONÍVEL
1765,N/A,TIMEOUT/NÃO_DISPONÍVEL
1766,N/A,TIMEOUT/NÃO_DISPONÍVEL
1767,N/A,TIMEOUT/NÃO_DISPONÍVEL
1768,N/A,TIMEOUT/NÃO_DISPONÍVEL
1769,N/A,TIMEOUT/NÃO_DISPONÍVEL
1770,N/A,TIMEOUT/NÃO_DISPONÍVEL
1771,N/A,TIMEOUT/NÃO_DISPONÍVEL
1772,N/A,TIMEOUT/NÃO_DISPONÍVEL
1773,N/A,TIMEOUT/NÃO_DISPONÍVEL
1774,N/A,TIMEOUT/NÃO_DISPONÍVEL
1775,N/A,TIMEOUT/NÃO_DISPONÍVEL
1776,N/A,TIMEOUT/NÃO_DISPONÍVEL
1777,N/A,TIMEOUT/NÃO_DISPONÍVEL
1778,N/A,TIMEOUT/NÃO_DISPONÍVEL
1779,N/A,TIMEOUT/NÃO_DISPONÍVEL
1780,N/A,TIMEOUT/NÃO_DISPONÍVEL
1781,N/A,TIMEOUT/NÃO_DISPONÍVEL
1782,N/A,TIMEOUT/NÃO_DISPONÍVEL
1783,N/A,TIMEOUT/NÃO_DISPONÍVEL
1784,N/A,TIMEOUT/NÃO_DISPONÍVEL
1785,N/A,TIMEOUT/NÃO_DISPONÍVEL
1786,N/A,TIMEOUT/NÃO_DISPONÍVEL
1787,N/A,TIMEOUT/NÃO_DISPONÍVEL
1788,N/A,TIMEOUT/NÃO_DISPONÍVEL
1789,N/A,TIMEOUT/NÃO_DISPONÍVEL
1790,N/A,TIMEOUT/NÃO_DISPONÍVEL
1791,N/A,TIMEOUT/NÃO_DISPONÍVEL
1792,N/A,TIMEOUT/NÃO_DISPONÍVEL
1793,N/A,TIMEOUT/NÃO_DISPONÍVEL
1794,N/A,TIMEOUT/NÃO_DISPONÍVEL
1795,N/A,TIMEOUT/NÃO_DISPONÍVEL
1796,N/A,TIMEOUT/NÃO_DISPONÍVEL
1797,N/A,TIMEOUT/NÃO_DISPONÍVEL
1798,N/A,TIMEOUT/NÃO_DISPONÍVEL
1799,N/A,TIMEOUT/NÃO_DISPONÍVEL
1800,N/A,TIMEOUT/NÃO_DISPONÍVEL
1801,N/A,TIMEOUT/NÃO_DISPONÍVEL
1802,N/A,TIMEOUT/NÃO_DISPONÍVEL
1803,N/A,TIMEOUT/NÃO_DISPONÍVEL
1804,N/A,TIMEOUT/NÃO_DISPONÍVEL
1805,N/A,TIMEOUT/NÃO_DISPONÍVEL
1806,N/A,TIMEOUT/NÃO_DISPONÍVEL
1807,N/A,TIMEOUT/NÃO_DISPONÍVEL
1808,N/A,TIMEOUT/NÃO_DISPONÍVEL
1809,N/A,TIMEOUT/NÃO_DISPONÍVEL
1810,N/A,TIMEOUT/NÃO_DISPONÍVEL
1811,N/A,TIMEOUT/NÃO_DISPONÍVEL
1812,N/A,TIMEOUT/NÃO_DISPONÍVEL
1813,N/A,TIMEOUT/NÃO_DISPONÍVEL
1814,N/A,TIMEOUT/NÃO_DISPONÍVEL
1815,N/A,TIMEOUT/NÃO_DISPONÍVEL
1816,N/A,TIMEOUT/NÃO_DISPONÍVEL
1817,N/A,TIMEOUT/NÃO_DISPONÍVEL
1818,N/A,TIMEOUT/NÃO_DISPONÍVEL
1819,N/A,TIMEOUT/NÃO_DISPONÍVEL
1820,N/A,TIMEOUT/NÃO_DISPONÍVEL
1821,N/A,TIMEOUT/NÃO_DISPONÍVEL
1822,N/A,TIMEOUT/NÃO_DISPONÍVEL
1823,N/A,TIMEOUT/NÃO_DISPONÍVEL
1824,N/A,TIMEOUT/NÃO_DISPONÍVEL
1825,N/A,TIMEOUT/NÃO_DISPONÍVEL
1826,N/A,TIMEOUT/NÃO_DISPONÍVEL
1827,N/A,TIMEOUT/NÃO_DISPONÍVEL
1828,N/A,TIMEOUT/NÃO_DISPONÍVEL
1829,N/A,TIMEOUT/NÃO_DISPONÍVEL
1830,N/A,TIMEOUT/NÃO_DISPONÍVEL
1831,N/A,TIMEOUT/NÃO_DISPONÍVEL
1832,N/A,TIMEOUT/NÃO_DISPONÍVEL
1833,N/A,TIMEOUT/NÃO_DISPONÍVEL
1834,N/A,TIMEOUT/NÃO_DISPONÍVEL
1835,N/A,TIMEOUT/NÃO_DISPONÍVEL
1836,N/A,TIMEOUT/NÃO_DISPONÍVEL
1837,N/A,TIMEOUT/NÃO_DISPONÍVEL
1838,N/A,TIMEOUT/NÃO_DISPONÍVEL
1839,N/A,TIMEOUT/NÃO_DISPONÍVEL
1840,N/A,TIMEOUT/NÃO_DISPONÍVEL
1841,N/A,TIMEOUT/NÃO_DISPONÍVEL
1842,N/A,TIMEOUT/NÃO_DISPONÍVEL
1843,N/A,TIMEOUT/NÃO_DISPONÍVEL
1844,N/A,TIMEOUT/NÃO_DISPONÍVEL
1845,N/A,TIMEOUT/NÃO_DISPONÍVEL
1846,N/A,TIMEOUT/NÃO_DISPONÍVEL
1847,N/A,TIMEOUT/NÃO_DISPONÍVEL
1848,N/A,TIMEOUT/NÃO_DISPONÍVEL
1849,N/A,TIMEOUT/NÃO_DISPONÍVEL
1850,N/A,TIMEOUT/NÃO_DISPONÍVEL
1851,N/A,TIMEOUT/NÃO_DISPONÍVEL
1852,N/A,TIMEOUT/NÃO_DISPONÍVEL
1853,N/A,TIMEOUT/NÃO_DISPONÍVEL
1854,N/A,TIMEOUT/NÃO_DISPONÍVEL
1855,N/A,TIMEOUT/NÃO_DISPONÍVEL
1856,N/A,TIMEOUT/NÃO_DISPONÍVEL
1857,N/A,TIMEOUT/NÃO_DISPONÍVEL
1858,N/A,TIMEOUT/NÃO_DISPONÍVEL
1859,N/A,TIMEOUT/NÃO_DISPONÍVEL
1860,N/A,TIMEOUT/NÃO_DISPONÍVEL
1861,N/A,TIMEOUT/NÃO_DISPONÍVEL
1862,N/A,TIMEOUT/NÃO_DISPONÍVEL
1863,N/A,TIMEOUT/NÃO_DISPONÍVEL
1864,N/A,TIMEOUT/NÃO_DISPONÍVEL
1865,N/A,TIMEOUT/NÃO_DISPONÍVEL
1866,N/A,TIMEOUT/NÃO_DISPONÍVEL
1867,N/A,TIMEOUT/NÃO_DISPONÍVEL
1868,N/A,TIMEOUT/NÃO_DISPONÍVEL
1869,N/A,TIMEOUT/NÃO_DISPONÍVEL
1870,N/A,TIMEOUT/NÃO_DISPONÍVEL
1871,N/A,TIMEOUT/NÃO_DISPONÍVEL
1872,N/A,TIMEOUT/NÃO_DISPONÍVEL
1873,N/A,TIMEOUT/NÃO_DISPONÍVEL
1874,N/A,TIMEOUT/NÃO_DISPONÍVEL
1875,N/A,TIMEOUT/NÃO_DISPONÍVEL
1876,N/A,TIMEOUT/NÃO_DISPONÍVEL
1877,N/A,TIMEOUT/NÃO_DISPONÍVEL
1878,N/A,TIMEOUT/NÃO_DISPONÍVEL
1879,N/A,TIMEOUT/NÃO_DISPONÍVEL
1880,N/A,TIMEOUT/NÃO_DISPONÍVEL
1881,N/A,TIMEOUT/NÃO_DISPONÍVEL
1882,N/A,TIMEOUT/NÃO_DISPONÍVEL
1883,N/A,TIMEOUT/NÃO_DISPONÍVEL
1884,N/A,TIMEOUT/NÃO_DISPONÍVEL
1885,N/A,TIMEOUT/NÃO_DISPONÍVEL
1886,N/A,TIMEOUT/NÃO_DISPONÍVEL
1887,N/A,TIMEOUT/NÃO_DISPONÍVEL
1888,N/A,TIMEOUT/NÃO_DISPONÍVEL
1889,N/A,TIMEOUT/NÃO_DISPONÍVEL
1890,N/A,TIMEOUT/NÃO_DISPONÍVEL
1891,N/A,TIMEOUT/NÃO_DISPONÍVEL
1892,N/A,TIMEOUT/NÃO_DISPONÍVEL
1893,N/A,TIMEOUT/NÃO_DISPONÍVEL
1894,N/A,TIMEOUT/NÃO_DISPONÍVEL
1895,N/A,TIMEOUT/NÃO_DISPONÍVEL
1896,N/A,TIMEOUT/NÃO_DISPONÍVEL
1897,N/A,TIMEOUT/NÃO_DISPONÍVEL
1898,N/A,TIMEOUT/NÃO_DISPONÍVEL
1899,N/A,TIMEOUT/NÃO_DISPONÍVEL
1900,N/A,TIMEOUT/NÃO_DISPONÍVEL
1901,N/A,TIMEOUT/NÃO_DISPONÍVEL
1902,N/A,TIMEOUT/NÃO_DISPONÍVEL
1903,N/A,TIMEOUT/NÃO_DISPONÍVEL
1904,N/A,TIMEOUT/NÃO_DISPONÍVEL
1905,N/A,TIMEOUT/NÃO_DISPONÍVEL
1906,N/A,TIMEOUT/NÃO_DISPONÍVEL
1907,N/A,TIMEOUT/NÃO_DISPONÍVEL
1908,N/A,TIMEOUT/NÃO_DISPONÍVEL
1909,N/A,TIMEOUT/NÃO_DISPONÍVEL
1910,N/A,TIMEOUT/NÃO_DISPONÍVEL
1911,N/A,TIMEOUT/NÃO_DISPONÍVEL
1912,N/A,TIMEOUT/NÃO_DISPONÍVEL
1913,N/A,TIMEOUT/NÃO_DISPONÍVEL
1914,N/A,TIMEOUT/NÃO_DISPONÍVEL
1915,N/A,TIMEOUT/NÃO_DISPONÍVEL
1916,N/A,TIMEOUT/NÃO_DISPONÍVEL
1917,N/A,TIMEOUT/NÃO_DISPONÍVEL
1918,N/A,TIMEOUT/NÃO_DISPONÍVEL
1919,N/A,TIMEOUT/NÃO_DISPONÍVEL
1920,N/A,TIMEOUT/NÃO_DISPONÍVEL
1921,N/A,TIMEOUT/NÃO_DISPONÍVEL
1922,N/A,TIMEOUT/NÃO_DISPONÍVEL
1923,N/A,TIMEOUT/NÃO_DISPONÍVEL
1924,N/A,TIMEOUT/NÃO_DISPONÍVEL
1925,N/A,TIMEOUT/NÃO_DISPONÍVEL
1926,N/A,TIMEOUT/NÃO_DISPONÍVEL
1927,N/A,TIMEOUT/NÃO_DISPONÍVEL
1928,N/A,TIMEOUT/NÃO_DISPONÍVEL
1929,N/A,TIMEOUT/NÃO_DISPONÍVEL
1930,N/A,TIMEOUT/NÃO_DISPONÍVEL
1931,N/A,TIMEOUT/NÃO_DISPONÍVEL
1932,N/A,TIMEOUT/NÃO_DISPONÍVEL
1933,N/A,TIMEOUT/NÃO_DISPONÍVEL
1934,N/A,TIMEOUT/NÃO_DISPONÍVEL
1935,N/A,TIMEOUT/NÃO_DISPONÍVEL
1936,N/A,TIMEOUT/NÃO_DISPONÍVEL
1937,N/A,TIMEOUT/NÃO_DISPONÍVEL
1938,N/A,TIMEOUT/NÃO_DISPONÍVEL
1939,N/A,TIMEOUT/NÃO_DISPONÍVEL
1940,N/A,TIMEOUT/NÃO_DISPONÍVEL
1941,N/A,TIMEOUT/NÃO_DISPONÍVEL
1942,N/A,TIMEOUT/NÃO_DISPONÍVEL
1943,N/A,TIMEOUT/NÃO_DISPONÍVEL
1944,N/A,TIMEOUT/NÃO_DISPONÍVEL
1945,N/A,TIMEOUT/NÃO_DISPONÍVEL
1946,N/A,TIMEOUT/NÃO_DISPONÍVEL
1947,N/A,TIMEOUT/NÃO_DISPONÍVEL
1948,N/A,TIMEOUT/NÃO_DISPONÍVEL
1949,N/A,TIMEOUT/NÃO_DISPONÍVEL
1950,N/A,TIMEOUT/NÃO_DISPONÍVEL
1951,N/A,TIMEOUT/NÃO_DISPONÍVEL
1952,N/A,TIMEOUT/NÃO_DISPONÍVEL
1953,N/A,TIMEOUT/NÃO_DISPONÍVEL
1954,N/A,TIMEOUT/NÃO_DISPONÍVEL
1955,N/A,TIMEOUT/NÃO_DISPONÍVEL
1956,N/A,TIMEOUT/NÃO_DISPONÍVEL
1957,N/A,TIMEOUT/NÃO_DISPONÍVEL
1958,N/A,TIMEOUT/NÃO_DISPONÍVEL
1959,N/A,TIMEOUT/NÃO_DISPONÍVEL
1960,N/A,TIMEOUT/NÃO_DISPONÍVEL
1961,N/A,TIMEOUT/NÃO_DISPONÍVEL
1962,N/A,TIMEOUT/NÃO_DISPONÍVEL
1963,N/A,TIMEOUT/NÃO_DISPONÍVEL
1964,N/A,TIMEOUT/NÃO_DISPONÍVEL
1965,N/A,TIMEOUT/NÃO_DISPONÍVEL
1966,N/A,TIMEOUT/NÃO_DISPONÍVEL
1967,N/A,TIMEOUT/NÃO_DISPONÍVEL
1968,N/A,TIMEOUT/NÃO_DISPONÍVEL
1969,N/A,TIMEOUT/NÃO_DISPONÍVEL
1970,N/A,TIMEOUT/NÃO_DISPONÍVEL
1971,N/A,TIMEOUT/NÃO_DISPONÍVEL
1972,N/A,TIMEOUT/NÃO_DISPONÍVEL
1973,N/A,TIMEOUT/NÃO_DISPONÍVEL
1974,N/A,TIMEOUT/NÃO_DISPONÍVEL
1975,N/A,TIMEOUT/NÃO_DISPONÍVEL
1976,N/A,TIMEOUT/NÃO_DISPONÍVEL
1977,N/A,TIMEOUT/NÃO_DISPONÍVEL
1978,N/A,TIMEOUT/NÃO_DISPONÍVEL
1979,N/A,TIMEOUT/NÃO_DISPONÍVEL
1980,N/A,TIMEOUT/NÃO_DISPONÍVEL
1981,N/A,TIMEOUT/NÃO_DISPONÍVEL
1982,N/A,TIMEOUT/NÃO_DISPONÍVEL
1983,N/A,TIMEOUT/NÃO_DISPONÍVEL
1984,N/A,TIMEOUT/NÃO_DISPONÍVEL
1985,N/A,TIMEOUT/NÃO_DISPONÍVEL
1986,N/A,TIMEOUT/NÃO_DISPONÍVEL
1987,N/A,TIMEOUT/NÃO_DISPONÍVEL
1988,N/A,TIMEOUT/NÃO_DISPONÍVEL
1989,N/A,TIMEOUT/NÃO_DISPONÍVEL
1990,N/A,TIMEOUT/NÃO_DISPONÍVEL
1991,N/A,TIMEOUT/NÃO_DISPONÍVEL
1992,N/A,TIMEOUT/NÃO_DISPONÍVEL
1993,N/A,TIMEOUT/NÃO_DISPONÍVEL
1994,N/A,TIMEOUT/NÃO_DISPONÍVEL
1995,N/A,TIMEOUT/NÃO_DISPONÍVEL
1996,N/A,TIMEOUT/NÃO_DISPONÍVEL
1997,N/A,TIMEOUT/NÃO_DISPONÍVEL
1998,N/A,TIMEOUT/NÃO_DISPONÍVEL
1999,N/A,TIMEOUT/NÃO_DISPONÍVEL
2000,N/A,TIMEOUT/NÃO_DISPONÍVEL
